,date,headline,keyword
0,2007.09.23. 오후 4:39,유망택지지구 양주 고읍 2000여가구 동시분양,"[('유망택지지구', 'O'), (' ', 'O'), ('양주', 'CITY'), (' ', 'O'), ('고읍', 'LOCATION'), (' ', 'O'), ('2000여가구', 'QUANTITY'), (' ', 'O'), ('동시분양', 'O')]"
1,2007.09.23. 오후 3:30,올 전국 아파트값 1.49%↑..부동산광풍 소멸,"[('올', 'DATE'), (' ', 'O'), ('전국', 'O'), (' ', 'O'), ('아파트값', 'O'), (' ', 'O'), ('1.49%', 'QUANTITY'), ('↑..부동산광풍', 'O'), (' ', 'O'), ('소멸', 'O')]"
2,2007.09.23. 오후 2:54,추석이후，분당연장선 인근 분양 봇물,"[('추석이후', 'DATE'), ('，', 'O'), ('분당', 'LOCATION'), ('연장선', 'O'), (' ', 'O'), ('인근', 'O'), (' ', 'O'), ('분양', 'O'), (' ', 'O'), ('봇물', 'O')]"
3,2007.09.23. 오후 2:00,흙속의 진주를 찾자…즉시 입주 미분양,"[('흙속의', 'O'), (' ', 'O'), ('진주', 'CITY'), ('를', 'O'), (' ', 'O'), ('찾자…즉시', 'O'), (' ', 'O'), ('입주', 'O'), (' ', 'O'), ('미분양', 'O')]"
4,2007.09.23. 오후 1:00,추석 後 내집마련 전략2분양물량 봇물,"[('추석', 'DATE'), (' ', 'O'), ('後', 'O'), (' ', 'O'), ('내집마련', 'O'), (' ', 'O'), ('전략', 'O'), ('2', 'QUANTITY'), ('분양물량', 'O'), (' ', 'O'), ('봇물', 'O')]"
5,2007.09.23. 오후 12:17,서울시 빌딩 공실률 세계 최저수준,"[('서울시', 'CITY'), (' ', 'O'), ('빌딩', 'O'), (' ', 'O'), ('공실률', 'O'), (' ', 'O'), ('세계', 'O'), (' ', 'O'), ('최저수준', 'O')]"
6,2007.09.23. 오후 12:12,추석연후 직후 강원도 춘천 KCC스위첸 청약접수,"[('추석연후 직후', 'DATE'), (' ', 'O'), ('강원도', 'LOCATION'), (' ', 'O'), ('춘천', 'ARTIFACT'), (' ', 'O'), ('KCC스위첸', 'ARTIFACT'), (' ', 'O'), ('청약접수', 'O')]"
7,2007.09.23. 오전 11:37,추석 이후 부동산 시장 ‘안정세 지속’,"[('추석 이후', 'DATE'), (' ', 'O'), ('부동산', 'O'), (' ', 'O'), ('시장', 'O'), (' ', 'O'), ('‘안정세', 'O'), (' ', 'O'), ('지속’', 'O')]"
8,2007.09.23. 오전 10:53,부산·대구 미분양↓…투기과열지구 해제 약발,"[('부산', 'CITY'), ('·', 'O'), ('대구', 'CITY'), (' ', 'O'), ('미분양↓…투기과열지구', 'O'), (' ', 'O'), ('해제', 'O'), (' ', 'O'), ('약발', 'O')]"
9,2007.09.23. 오전 10:37,“여보 추석에 아버님 ‘땅’ 점검 해 드려요”,"[('“여보', 'O'), (' ', 'O'), ('추석', 'DATE'), ('에', 'O'), (' ', 'O'), ('아버', 'CIVILIZATION'), ('님', 'O'), (' ', 'O'), ('‘땅’', 'O'), (' ', 'O'), ('점검', 'O'), (' ', 'O'), ('해', 'O'), (' ', 'O'), ('드려요”', 'O')]"
10,2007.09.23. 오전 9:44,4분기 8만5000가구 입주..올들어 최대,"[('4분기', 'DATE'), (' ', 'O'), ('8만5000가구', 'QUANTITY'), (' ', 'O'), ('입주..', 'O'), ('올', 'DATE'), ('들어', 'O'), (' ', 'O'), ('최대', 'O')]"
11,2007.09.23. 오전 9:25,강남구 3년간 집값 상승액 부산의 284배,"[('강남구', 'LOCATION'), (' ', 'O'), ('3년간', 'DATE'), (' ', 'O'), ('집값', 'O'), (' ', 'O'), ('상승액', 'O'), (' ', 'O'), ('부산', 'CITY'), ('의', 'O'), (' ', 'O'), ('284배', 'QUANTITY')]"
12,2007.09.23. 오전 9:00,주간부동산서울 아파트값 10주만에 하락,"[('주간부동산서울', 'ORGANIZATION'), (' ', 'O'), ('아파트값', 'O'), (' ', 'O'), ('10주만', 'DATE'), ('에', 'O'), (' ', 'O'), ('하락', 'O')]"
13,2007.09.23. 오전 8:49,서울 오피스 공실률 세계 최저 수준,"[('서울', 'CITY'), (' ', 'O'), ('오피스', 'O'), (' ', 'O'), ('공실률', 'O'), (' ', 'O'), ('세계', 'O'), (' ', 'O'), ('최저', 'O'), (' ', 'O'), ('수준', 'O')]"
14,2007.09.23. 오전 8:43,부동산캘린더추석 분양시장 숨고르기,"[('부동산캘린더', 'O'), ('추석', 'DATE'), (' ', 'O'), ('분양시장', 'O'), (' ', 'O'), ('숨고르기', 'O')]"
15,2007.09.23. 오전 6:11,4.4분기 아파트 입주물량 올들어 최고치,"[('4.4분기', 'DATE'), (' ', 'O'), ('아파트', 'O'), (' ', 'O'), ('입주물량', 'O'), (' ', 'O'), ('올', 'DATE'), ('들어', 'O'), (' ', 'O'), ('최고치', 'O')]"
16,2007.09.23. 오전 6:02,연휴 앞두고 부동산거래 뚝…매매·전세 안정세,"[('연휴', 'O'), (' ', 'O'), ('앞두고', 'O'), (' ', 'O'), ('부동산거래', 'O'), (' ', 'O'), ('뚝…매매·전세', 'O'), (' ', 'O'), ('안정세', 'O')]"
17,2007.09.23. 오전 3:17,서울 아파트 값 10주만에 내림세로,"[('서울', 'CITY'), (' ', 'O'), ('아파트', 'O'), (' ', 'O'), ('값', 'O'), (' ', 'O'), ('10주만', 'DATE'), ('에', 'O'), (' ', 'O'), ('내림세로', 'O')]"
18,2007.09.24. 오후 8:48,내집마련 적기 왔나 실수요자라면 노리세요,"[('내집마련', 'O'), (' ', 'O'), ('적기', 'O'), (' ', 'O'), ('왔나', 'O'), (' ', 'O'), ('실수요자', 'CIVILIZATION'), ('라면', 'O'), (' ', 'O'), ('노리세요', 'O')]"
19,2007.09.24. 오후 4:35,여전히 혼란스런 청약가점제…해법은,"[('여전히', 'O'), (' ', 'O'), ('혼란스런', 'O'), (' ', 'O'), ('청약가점제', 'CIVILIZATION'), ('…해법은', 'O')]"
20,2007.09.24. 오후 3:33,수원산업단지 2단지 12만3727㎡ 규모 조성,"[('수원산업단지', 'LOCATION'), (' ', 'O'), ('2단지', 'QUANTITY'), (' ', 'O'), ('12만3727㎡', 'QUANTITY'), (' ', 'O'), ('규모', 'O'), (' ', 'O'), ('조성', 'O')]"
21,2007.09.24. 오후 3:33,부도 주택건설업체 올 들어 50개 넘어,"[('부도', 'O'), (' ', 'O'), ('주택건설업체', 'O'), (' ', 'O'), ('올', 'DATE'), (' ', 'O'), ('들어', 'O'), (' ', 'O'), ('50개', 'QUANTITY'), (' ', 'O'), ('넘어', 'O')]"
22,2007.09.24. 오후 1:20,대구상의 “부동산규제 완화 아직 멀었다”,"[('대구상의', 'ORGANIZATION'), (' ', 'O'), ('“부동산규제', 'O'), (' ', 'O'), ('완화', 'O'), (' ', 'O'), ('아직', 'O'), (' ', 'O'), ('멀었다”', 'O')]"
23,2007.09.24. 오후 1:00,추석 後 내집마련 전략3수도권 빅3가 온다,"[('추석', 'DATE'), (' ', 'O'), ('後', 'O'), (' ', 'O'), ('내집마련', 'O'), (' ', 'O'), ('전략', 'O'), ('3', 'QUANTITY'), ('수도권', 'LOCATION'), (' ', 'O'), ('빅3', 'QUANTITY'), ('가', 'O'), (' ', 'O'), ('온다', 'O')]"
24,2007.09.24. 오전 10:13,유망택지지구 파주 운정 6000여가구 대규모 분양러시,"[('유망택지지구', 'O'), (' ', 'O'), ('파주', 'CITY'), (' ', 'O'), ('운정', 'LOCATION'), (' ', 'O'), ('6000여가구', 'QUANTITY'), (' ', 'O'), ('대규모', 'O'), (' ', 'O'), ('분양러시', 'O')]"
25,2007.09.24. 오전 10:00,긴급진단주택정책①주택공급이 줄고 있다.,"[('긴급진단주택정책', 'CIVILIZATION'), ('①주택공급이', 'O'), (' ', 'O'), ('줄고', 'O'), (' ', 'O'), ('있다.', 'O')]"
26,2007.09.24. 오전 8:39,오피스텔 청약가점제후 수요늘고 매물 ‘싹∼’,"[('오피스텔', 'O'), (' ', 'O'), ('청약가점제후', 'O'), (' ', 'O'), ('수요늘고', 'O'), (' ', 'O'), ('매물', 'O'), (' ', 'O'), ('‘싹∼’', 'O')]"
27,2007.09.24. 오전 7:05,강남 분양단지 청약률이 고작 4%,"[('강남', 'LOCATION'), (' ', 'O'), ('분양단지', 'O'), (' ', 'O'), ('청약률이', 'O'), (' ', 'O'), ('고작', 'O'), (' ', 'O'), ('4%', 'QUANTITY')]"
28,2007.09.24. 오전 7:02,더 복잡해진 청약가점제… 수요자들 점수에 떤다,"[('더', 'O'), (' ', 'O'), ('복잡해진', 'O'), (' ', 'O'), ('청약가점제', 'CIVILIZATION'), ('…', 'O'), (' ', 'O'), ('수요자', 'CIVILIZATION'), ('들', 'O'), (' ', 'O'), ('점수에', 'O'), (' ', 'O'), ('떤다', 'O')]"
29,2007.09.24. 오전 6:39,올해 들어 8월까지만 주택업체 40개 부도,"[('올해', 'DATE'), (' ', 'O'), ('들어', 'O'), (' ', 'O'), ('8월까지만', 'DATE'), (' ', 'O'), ('주택업체', 'O'), (' ', 'O'), ('40개', 'QUANTITY'), (' ', 'O'), ('부도', 'O')]"
30,2007.09.24. 오전 6:00,주부 재테크 오피스텔 투자의 명과 암,"[('주부', 'OCCUPATION'), (' ', 'O'), ('재테크', 'O'), (' ', 'O'), ('오피스텔', 'O'), (' ', 'O'), ('투자의', 'O'), (' ', 'O'), ('명과', 'O'), (' ', 'O'), ('암', 'DISEASE')]"
31,2007.09.24. 오전 3:03,양도세 급감…부동산 세제완화 난망,"[('양도세', 'CIVILIZATION'), (' ', 'O'), ('급감…부동산', 'O'), (' ', 'O'), ('세제완화', 'O'), (' ', 'O'), ('난망', 'O')]"
32,2007.09.23. 오후 4:39,유망택지지구 양주 고읍 2000여가구 동시분양,"[('유망택지지구', 'O'), (' ', 'O'), ('양주', 'CITY'), (' ', 'O'), ('고읍', 'LOCATION'), (' ', 'O'), ('2000여가구', 'QUANTITY'), (' ', 'O'), ('동시분양', 'O')]"
33,2007.09.25. 오후 8:47,분양만 기다렸다 은평뉴타운 청약열풍 부나,"[('분양만', 'O'), (' ', 'O'), ('기다렸다', 'O'), (' ', 'O'), ('은평뉴타운', 'LOCATION'), (' ', 'O'), ('청약열풍', 'O'), (' ', 'O'), ('부나', 'O')]"
34,2007.09.25. 오후 3:54,전매제한 없는 아파트 노려볼까,"[('전매제한', 'O'), (' ', 'O'), ('없는', 'O'), (' ', 'O'), ('아파트', 'O'), (' ', 'O'), ('노려볼까', 'O')]"
35,2007.09.25. 오후 3:54,10년 이상 살아도 고액보상 요구 못해,"[('10년 이상', 'DATE'), (' ', 'O'), ('살아도', 'O'), (' ', 'O'), ('고액보상', 'O'), (' ', 'O'), ('요구', 'O'), (' ', 'O'), ('못해', 'O')]"
36,2007.09.25. 오후 2:09,임대인 다수면 실질임대인 우선청주지법,"[('임대인', 'CIVILIZATION'), (' ', 'O'), ('다수면', 'O'), (' ', 'O'), ('실질임대인', 'O'), (' ', 'O'), ('우선청주지법', 'ORGANIZATION')]"
37,2007.09.25. 오후 1:00,추석 後 내집마련 전략4유망 미분양 고르기,"[('추석', 'DATE'), (' ', 'O'), ('後', 'O'), (' ', 'O'), ('내집마련', 'O'), (' ', 'O'), ('전략', 'O'), ('4', 'QUANTITY'), ('유망', 'O'), (' ', 'O'), ('미분양', 'O'), (' ', 'O'), ('고르기', 'O')]"
38,2007.09.25. 오전 11:06,호재 많은 경기북부지역을 노려라,"[('호재', 'O'), (' ', 'O'), ('많은', 'O'), (' ', 'O'), ('경기', 'LOCATION'), ('북부', 'TERM'), ('지역을', 'O'), (' ', 'O'), ('노려라', 'O')]"
39,2007.09.25. 오전 10:10,성남 주민 송파신도시 행정구역 단일화 요구,"[('성남', 'CITY'), (' ', 'O'), ('주민', 'CIVILIZATION'), (' ', 'O'), ('송파신도시', 'LOCATION'), (' ', 'O'), ('행정구역', 'O'), (' ', 'O'), ('단일화', 'O'), (' ', 'O'), ('요구', 'O')]"
40,2007.09.25. 오전 10:00,긴급진단주택정책②흔들리는 주택시장,"[('긴급진단주택정책', 'CIVILIZATION'), ('②흔들리는', 'O'), (' ', 'O'), ('주택시장', 'O')]"
41,2007.09.25. 오전 7:01,10년이상 소유 토지도 매도청구 가능,"[('10년이상', 'DATE'), (' ', 'O'), ('소유', 'O'), (' ', 'O'), ('토지도', 'O'), (' ', 'O'), ('매도청구', 'O'), (' ', 'O'), ('가능', 'O')]"
42,2007.09.25. 오전 6:24,성냥갑 아파트는 가라 디자인으로 승부,"[('성냥갑', 'O'), (' ', 'O'), ('아파트는', 'O'), (' ', 'O'), ('가라', 'O'), (' ', 'O'), ('디자인으로', 'O'), (' ', 'O'), ('승부', 'O')]"
43,2007.09.25. 오전 6:01,전매제한 피한 5000가구 ‘흙 속의 진주’,"[('전매제한', 'O'), (' ', 'O'), ('피한', 'O'), (' ', 'O'), ('5000가구', 'QUANTITY'), (' ', 'O'), ('‘흙', 'O'), (' ', 'O'), ('속의', 'O'), (' ', 'O'), ('진주’', 'O')]"
44,2007.09.24. 오후 8:48,내집마련 적기 왔나 실수요자라면 노리세요,"[('내집마련', 'O'), (' ', 'O'), ('적기', 'O'), (' ', 'O'), ('왔나', 'O'), (' ', 'O'), ('실수요자', 'CIVILIZATION'), ('라면', 'O'), (' ', 'O'), ('노리세요', 'O')]"
45,2007.09.24. 오후 4:35,여전히 혼란스런 청약가점제…해법은,"[('여전히', 'O'), (' ', 'O'), ('혼란스런', 'O'), (' ', 'O'), ('청약가점제', 'CIVILIZATION'), ('…해법은', 'O')]"
46,2007.09.24. 오후 3:33,수원산업단지 2단지 12만3727㎡ 규모 조성,"[('수원산업단지', 'LOCATION'), (' ', 'O'), ('2단지', 'QUANTITY'), (' ', 'O'), ('12만3727㎡', 'QUANTITY'), (' ', 'O'), ('규모', 'O'), (' ', 'O'), ('조성', 'O')]"
47,2007.09.24. 오후 3:33,부도 주택건설업체 올 들어 50개 넘어,"[('부도', 'O'), (' ', 'O'), ('주택건설업체', 'O'), (' ', 'O'), ('올', 'DATE'), (' ', 'O'), ('들어', 'O'), (' ', 'O'), ('50개', 'QUANTITY'), (' ', 'O'), ('넘어', 'O')]"
48,2007.09.24. 오후 1:20,대구상의 “부동산규제 완화 아직 멀었다”,"[('대구상의', 'ORGANIZATION'), (' ', 'O'), ('“부동산규제', 'O'), (' ', 'O'), ('완화', 'O'), (' ', 'O'), ('아직', 'O'), (' ', 'O'), ('멀었다”', 'O')]"
49,2007.09.24. 오후 1:00,추석 後 내집마련 전략3수도권 빅3가 온다,"[('추석', 'DATE'), (' ', 'O'), ('後', 'O'), (' ', 'O'), ('내집마련', 'O'), (' ', 'O'), ('전략', 'O'), ('3', 'QUANTITY'), ('수도권', 'LOCATION'), (' ', 'O'), ('빅3', 'QUANTITY'), ('가', 'O'), (' ', 'O'), ('온다', 'O')]"
50,2007.09.26. 오후 8:46,지방 부동산시장 고사위기…미분양에 한숨만,"[('지방', 'O'), (' ', 'O'), ('부동산시장', 'O'), (' ', 'O'), ('고사위기…미분양에', 'O'), (' ', 'O'), ('한숨만', 'O')]"
51,2007.09.26. 오후 8:21,한국 ICAO 이사국 3연속 선출,"[('한국', 'COUNTRY'), (' ', 'O'), ('ICAO', 'ORGANIZATION'), (' ', 'O'), ('이사국', 'O'), (' ', 'O'), ('3연속', 'QUANTITY'), (' ', 'O'), ('선출', 'O')]"
52,2007.09.26. 오후 8:18,서울 재건축단지 ‘북고남저’ 가속,"[('서울', 'CITY'), (' ', 'O'), ('재건축단지', 'O'), (' ', 'O'), ('‘', 'O'), ('북고남저', 'LOCATION'), ('’', 'O'), (' ', 'O'), ('가속', 'O')]"
53,2007.09.26. 오후 8:09,강남권 울상 비강남권 희색… 서울 재건축 아파트값도 명암,"[('강남권', 'LOCATION'), (' ', 'O'), ('울상', 'O'), (' ', 'O'), ('비', 'O'), ('강남권', 'LOCATION'), (' ', 'O'), ('희색…', 'O'), (' ', 'O'), ('서울', 'CITY'), (' ', 'O'), ('재건축', 'O'), (' ', 'O'), ('아파트값도', 'O'), (' ', 'O'), ('명암', 'O')]"
54,2007.09.26. 오후 8:03,대단지 미분양 잘 고르면 알짜,"[('대단지', 'O'), (' ', 'O'), ('미분양', 'O'), (' ', 'O'), ('잘', 'O'), (' ', 'O'), ('고르면', 'O'), (' ', 'O'), ('알짜', 'O')]"
55,2007.09.26. 오후 8:00,‘자산 효과’ 한국선 안통한다,"[('‘자산', 'O'), (' ', 'O'), ('효과’', 'O'), (' ', 'O'), ('한국', 'COUNTRY'), ('선', 'O'), (' ', 'O'), ('안통한다', 'O')]"
56,2007.09.26. 오후 8:00,송파·동탄2 새도시 보상금 돈 대신 땅으로 지급 가능,"[('송파', 'LOCATION'), ('·', 'O'), ('동탄', 'LOCATION'), ('2', 'QUANTITY'), (' ', 'O'), ('새도시', 'O'), (' ', 'O'), ('보상금', 'O'), (' ', 'O'), ('돈', 'O'), (' ', 'O'), ('대신', 'O'), (' ', 'O'), ('땅으로', 'O'), (' ', 'O'), ('지급', 'O'), (' ', 'O'), ('가능', 'O')]"
57,2007.09.26. 오후 8:00,주택대출 희망 넷중 셋 “고정금리”,"[('주택대출', 'O'), (' ', 'O'), ('희망', 'O'), (' ', 'O'), ('넷중', 'QUANTITY'), (' ', 'O'), ('셋', 'QUANTITY'), (' ', 'O'), ('“고정금리”', 'O')]"
58,2007.09.26. 오후 7:57,저가 전세아파트 상한가… 물량 급감에 품귀현상도,"[('저가', 'O'), (' ', 'O'), ('전세아파트', 'O'), (' ', 'O'), ('상한가…', 'O'), (' ', 'O'), ('물량', 'O'), (' ', 'O'), ('급감에', 'O'), (' ', 'O'), ('품귀현상도', 'O')]"
59,2007.09.26. 오후 7:03,용인 성복동 5000여가구 2년만에 분양시장 나온다,"[('용인', 'CITY'), (' ', 'O'), ('성복동', 'LOCATION'), (' ', 'O'), ('5000여가구', 'QUANTITY'), (' ', 'O'), ('2년만', 'DATE'), ('에', 'O'), (' ', 'O'), ('분양시장', 'O'), (' ', 'O'), ('나온다', 'O')]"
60,2007.09.26. 오후 6:35,종부세 인상 상한선 150%로 낮아질까,"[('종부세', 'CIVILIZATION'), (' ', 'O'), ('인상', 'O'), (' ', 'O'), ('상한선', 'O'), (' ', 'O'), ('150%', 'QUANTITY'), ('로', 'O'), (' ', 'O'), ('낮아질까', 'O')]"
61,2007.09.26. 오후 6:35,용산역 인근에 40층 주상복합  집창촌터… 시 건축위 계획안 통과,"[('용산역', 'LOCATION'), (' ', 'O'), ('인근에', 'O'), (' ', 'O'), ('40층', 'QUANTITY'), (' ', 'O'), ('주상복합', 'O'), (' ', 'O'), ('집창촌터…', 'O'), (' ', 'O'), ('시', 'O'), (' ', 'O'), ('건축위', 'ORGANIZATION'), (' ', 'O'), ('계획안', 'O'), (' ', 'O'), ('통과', 'O')]"
62,2007.09.26. 오후 6:32,재건축시세 강남권↓ 비강남권↑,"[('재건축시세', 'O'), (' ', 'O'), ('강남권', 'LOCATION'), ('↓', 'O'), (' ', 'O'), ('비', 'O'), ('강남권', 'LOCATION'), ('↑', 'O')]"
63,2007.09.26. 오후 6:32,송파ㆍ東동탄신도시 대토 보상,"[('송파', 'LOCATION'), ('ㆍ', 'O'), ('東', 'LOCATION'), ('동탄신도시', 'LOCATION'), (' ', 'O'), ('대토', 'O'), (' ', 'O'), ('보상', 'O')]"
64,2007.09.26. 오후 6:32,10년이상 소유 토지도 알박기 못한다,"[('10년이상', 'DATE'), (' ', 'O'), ('소유', 'O'), (' ', 'O'), ('토지도', 'O'), (' ', 'O'), ('알박기', 'O'), (' ', 'O'), ('못한다', 'O')]"
65,2007.09.26. 오후 6:32,계약금 지급前엔 위약금 없이 해지,"[('계약금', 'O'), (' ', 'O'), ('지급前엔', 'O'), (' ', 'O'), ('위약금', 'O'), (' ', 'O'), ('없이', 'O'), (' ', 'O'), ('해지', 'O')]"
66,2007.09.26. 오후 6:32,용산역앞 최고 40층 주상복합 건립,"[('용산역', 'LOCATION'), ('앞', 'TERM'), (' ', 'O'), ('최고', 'O'), (' ', 'O'), ('40층', 'QUANTITY'), (' ', 'O'), ('주상복합', 'O'), (' ', 'O'), ('건립', 'O')]"
67,2007.09.26. 오후 6:32,서수원의왕 도로 민자유치 8차선 확장,"[('서수원의왕', 'LOCATION'), (' ', 'O'), ('도로', 'O'), (' ', 'O'), ('민자유치', 'O'), (' ', 'O'), ('8차선', 'QUANTITY'), (' ', 'O'), ('확장', 'O')]"
68,2007.09.26. 오후 6:32,에너지 과소비 건물 건축허가 못 받는다,"[('에너지', 'O'), (' ', 'O'), ('과소비', 'O'), (' ', 'O'), ('건물', 'O'), (' ', 'O'), ('건축허가', 'O'), (' ', 'O'), ('못', 'O'), (' ', 'O'), ('받는다', 'O')]"
69,2007.09.26. 오후 6:06,송파신도시 ‘대토보상’ 첫 적용,"[('송파신도시', 'LOCATION'), (' ', 'O'), ('‘대토보상’', 'O'), (' ', 'O'), ('첫', 'O'), (' ', 'O'), ('적용', 'O')]"
70,2007.09.26. 오후 5:30,송파·동탄2 신도시 대토보상… 개정안 내달 공포,"[('송파·', 'LOCATION'), ('동탄2', 'LOCATION'), (' ', 'O'), ('신도시', 'O'), (' ', 'O'), ('대토보상…', 'O'), (' ', 'O'), ('개정안', 'O'), (' ', 'O'), ('내달', 'DATE'), (' ', 'O'), ('공포', 'O')]"
71,2007.09.26. 오후 4:42,서울 용산역 앞 40층 주상복합건물 세운다,"[('서울', 'CITY'), (' ', 'O'), ('용산역', 'LOCATION'), (' ', 'O'), ('앞', 'TERM'), (' ', 'O'), ('40층', 'QUANTITY'), (' ', 'O'), ('주상복합건물', 'O'), (' ', 'O'), ('세운다', 'O')]"
72,2007.09.26. 오후 4:21,서울 용산역앞 최고 40층 주상복합 건립,"[('서울', 'CITY'), (' ', 'O'), ('용산역', 'LOCATION'), ('앞', 'TERM'), (' ', 'O'), ('최고', 'O'), (' ', 'O'), ('40층', 'QUANTITY'), (' ', 'O'), ('주상복합', 'O'), (' ', 'O'), ('건립', 'O')]"
73,2007.09.26. 오후 4:18,1.11대책이후  저가아파트 전세값↑,"[('1.11대책이후', 'DATE'), (' ', 'O'), ('저가아파트', 'O'), (' ', 'O'), ('전세값↑', 'O')]"
74,2007.09.26. 오후 4:18,“내년 분양시장 더 안좋다” 주택업체 95%,"[('“', 'O'), ('내년', 'DATE'), (' ', 'O'), ('분양시장', 'O'), (' ', 'O'), ('더', 'O'), (' ', 'O'), ('안좋다”', 'O'), (' ', 'O'), ('주택업체', 'O'), (' ', 'O'), ('95%', 'QUANTITY')]"
75,2007.09.26. 오후 4:11,재건축시장도 강남↓  강북↑,"[('재건축시장도', 'O'), (' ', 'O'), ('강남', 'LOCATION'), ('↓', 'O'), (' ', 'O'), ('강북', 'LOCATION'), ('↑', 'O')]"
76,2007.09.26. 오후 4:03,청약가점제 이후 ‘부동산시장 新풍속도’,"[('청약가점제', 'CIVILIZATION'), (' ', 'O'), ('이후', 'O'), (' ', 'O'), ('‘부동산시장', 'O'), (' ', 'O'), ('新풍속도’', 'O')]"
77,2007.09.26. 오후 4:03,“올 수도권 30만가구 공급 어렵다”,"[('“', 'O'), ('올', 'DATE'), (' ', 'O'), ('수도권', 'LOCATION'), (' ', 'O'), ('30만가구', 'QUANTITY'), (' ', 'O'), ('공급', 'O'), (' ', 'O'), ('어렵다”', 'O')]"
78,2007.09.26. 오후 4:03,“매매 계약금 지급전 위약금없이 해지”,"[('“매매', 'O'), (' ', 'O'), ('계약금', 'O'), (' ', 'O'), ('지급전', 'O'), (' ', 'O'), ('위약금없이', 'O'), (' ', 'O'), ('해지”', 'O')]"
79,2007.09.26. 오후 4:03,과천 재건축 소송으로 ‘산넘어 산’,"[('과천', 'LOCATION'), (' ', 'O'), ('재건축', 'O'), (' ', 'O'), ('소송으로', 'O'), (' ', 'O'), ('‘산넘어', 'O'), (' ', 'O'), ('산’', 'O')]"
80,2007.09.26. 오후 3:59,한국 ICAO 이사국 3회연속 선임,"[('한국', 'COUNTRY'), (' ', 'O'), ('ICAO', 'ORGANIZATION'), (' ', 'O'), ('이사국', 'O'), (' ', 'O'), ('3회', 'QUANTITY'), ('연속', 'QUANTITY'), (' ', 'O'), ('선임', 'O')]"
81,2007.09.26. 오후 3:51,송파·동탄2신도시 대토보상 적용,"[('송파', 'LOCATION'), ('·', 'O'), ('동탄2신도시', 'LOCATION'), (' ', 'O'), ('대토보상', 'O'), (' ', 'O'), ('적용', 'O')]"
82,2007.09.26. 오후 3:48,송파·동탄2신도시 보상，땅으로 한다,"[('송파', 'LOCATION'), ('·', 'O'), ('동탄2신도시', 'LOCATION'), (' ', 'O'), ('보상，땅으로', 'O'), (' ', 'O'), ('한다', 'O')]"
83,2007.09.26. 오후 3:48,용산역 앞 집창촌터 최고 40층 주상복합,"[('용산역', 'LOCATION'), (' ', 'O'), ('앞', 'TERM'), (' ', 'O'), ('집창촌터', 'O'), (' ', 'O'), ('최고', 'O'), (' ', 'O'), ('40층', 'QUANTITY'), (' ', 'O'), ('주상복합', 'O')]"
84,2007.09.26. 오후 3:47,풍물시장이 서울풍물시장으로 바뀝니다,"[('풍물시장이', 'O'), (' ', 'O'), ('서울풍물시장', 'LOCATION'), ('으로', 'O'), (' ', 'O'), ('바뀝니다', 'O')]"
85,2007.09.26. 오후 3:45,대전 5개지구 421만㎡ RD특구로 개발,"[('대전', 'CITY'), (' ', 'O'), ('5개', 'QUANTITY'), ('지구', 'QUANTITY'), (' ', 'O'), ('421만㎡', 'QUANTITY'), (' ', 'O'), ('RD특구로', 'O'), (' ', 'O'), ('개발', 'O')]"
86,2007.09.26. 오후 3:45,11월 2만8000여가구 집들이,"[('11월', 'DATE'), (' ', 'O'), ('2만8000여가구', 'QUANTITY'), (' ', 'O'), ('집들이', 'O')]"
87,2007.09.26. 오후 3:45,전매제한에 관한 궁금증 총정리,"[('전매제한에', 'O'), (' ', 'O'), ('관한', 'O'), (' ', 'O'), ('궁금증', 'O'), (' ', 'O'), ('총정리', 'O')]"
88,2007.09.26. 오후 3:42,수도권 전매 가능한 물량 주목,"[('수도권', 'LOCATION'), (' ', 'O'), ('전매', 'O'), (' ', 'O'), ('가능한', 'O'), (' ', 'O'), ('물량', 'O'), (' ', 'O'), ('주목', 'O')]"
89,2007.09.26. 오후 3:05,10년이상 소유 토지도 매도청구 가능,"[('10년이상', 'DATE'), (' ', 'O'), ('소유', 'O'), (' ', 'O'), ('토지도', 'O'), (' ', 'O'), ('매도청구', 'O'), (' ', 'O'), ('가능', 'O')]"
90,2007.09.26. 오후 2:18,송파·동탄2신도시 대토보상제 적용,"[('송파·', 'LOCATION'), ('동탄2신도시', 'LOCATION'), (' ', 'O'), ('대토보상제', 'CIVILIZATION'), (' ', 'O'), ('적용', 'O')]"
91,2007.09.26. 오후 1:52,송파·동탄2신도시 대토보상제 적용,"[('송파·', 'LOCATION'), ('동탄2신도시', 'LOCATION'), (' ', 'O'), ('대토보상제', 'CIVILIZATION'), (' ', 'O'), ('적용', 'O')]"
92,2007.09.26. 오후 1:51,송파신도시 행정구역 3개를 하나로,"[('송파신도시', 'LOCATION'), (' ', 'O'), ('행정구역', 'O'), (' ', 'O'), ('3개', 'QUANTITY'), ('를', 'O'), (' ', 'O'), ('하나', 'QUANTITY'), ('로', 'O')]"
93,2007.09.26. 오후 1:49,청계천복원 2주년 기념 2007 청계천 축제,"[('청계천', 'LOCATION'), ('복원', 'O'), (' ', 'O'), ('2주년', 'DATE'), (' ', 'O'), ('기념', 'O'), (' ', 'O'), ('2007', 'DATE'), (' ', 'O'), ('청계천 축제', 'EVENT')]"
94,2007.09.26. 오후 1:28,서울시 봉은사 목木삼세불좌상 등 유형문화재 지정,"[('서울시', 'CITY'), (' ', 'O'), ('봉은사', 'ARTIFACT'), (' ', 'O'), ('목木삼세불좌상', 'ARTIFACT'), (' ', 'O'), ('등', 'O'), (' ', 'O'), ('유형문화재', 'O'), (' ', 'O'), ('지정', 'O')]"
95,2007.09.26. 오후 1:04,토지수용 대토보상제 다음달 시행,"[('토지수용 대토보상제', 'CIVILIZATION'), (' ', 'O'), ('다음달', 'DATE'), (' ', 'O'), ('시행', 'O')]"
96,2007.09.26. 오후 1:00,추석 後 내집마련 전략5오피스텔ㆍ타운하우스 어때요,"[('추석', 'DATE'), (' ', 'O'), ('後', 'O'), (' ', 'O'), ('내집마련', 'O'), (' ', 'O'), ('전략5오피스텔ㆍ타운하우스', 'O'), (' ', 'O'), ('어때요', 'O')]"
97,2007.09.26. 오후 12:53,10년이상 땅주인도 고액보상 요구못해,"[('10년이상', 'DATE'), (' ', 'O'), ('땅', 'O'), ('주인', 'CIVILIZATION'), ('도', 'O'), (' ', 'O'), ('고액보상', 'O'), (' ', 'O'), ('요구못해', 'O')]"
98,2007.09.26. 오후 12:46,서울시 소음기제거 등 불법구조변경 차량단속,"[('서울시', 'CITY'), (' ', 'O'), ('소음기제거', 'O'), (' ', 'O'), ('등', 'O'), (' ', 'O'), ('불법구조변경', 'O'), (' ', 'O'), ('차량단속', 'O')]"
99,2007.09.26. 오후 12:36,서울 용산집창촌 40층 주상복합으로 변신,"[('서울', 'CITY'), (' ', 'O'), ('용산집창촌', 'ARTIFACT'), (' ', 'O'), ('40층', 'QUANTITY'), (' ', 'O'), ('주상복합으로', 'O'), (' ', 'O'), ('변신', 'O')]"
100,2007.09.26. 오후 12:22,광주ㆍ전남 분양시장 끝은 어디인가,"[('광주', 'CITY'), ('ㆍ', 'O'), ('전남', 'LOCATION'), (' ', 'O'), ('분양시장', 'O'), (' ', 'O'), ('끝은', 'O'), (' ', 'O'), ('어디인가', 'O')]"
101,2007.09.26. 오후 12:22,여의도 파크원 72층→69층 조정,"[('여의도', 'LOCATION'), (' ', 'O'), ('파크원', 'ARTIFACT'), (' ', 'O'), ('72층', 'QUANTITY'), ('→', 'O'), ('69층', 'QUANTITY'), (' ', 'O'), ('조정', 'O')]"
102,2007.09.26. 오전 11:40,종합여의도 파크원 69층으로 짓는다,"[('종합여의도 파크원', 'ARTIFACT'), (' ', 'O'), ('69층', 'QUANTITY'), ('으로', 'O'), (' ', 'O'), ('짓는다', 'O')]"
103,2007.09.26. 오전 11:15,서울 용산역앞 최고 40층 주상복합 건립,"[('서울', 'CITY'), (' ', 'O'), ('용산역', 'LOCATION'), ('앞', 'TERM'), (' ', 'O'), ('최고', 'O'), (' ', 'O'), ('40층', 'QUANTITY'), (' ', 'O'), ('주상복합', 'O'), (' ', 'O'), ('건립', 'O')]"
104,2007.09.26. 오전 11:13,저가 전세아파트 가격 큰 폭 상승,"[('저가', 'O'), (' ', 'O'), ('전세아파트', 'O'), (' ', 'O'), ('가격', 'O'), (' ', 'O'), ('큰', 'O'), (' ', 'O'), ('폭', 'O'), (' ', 'O'), ('상승', 'O')]"
105,2007.09.26. 오전 11:05,10년간 매매시장서 새아파트 품귀 우려,"[('10년간', 'DATE'), (' ', 'O'), ('매매시장서', 'O'), (' ', 'O'), ('새아파트', 'O'), (' ', 'O'), ('품귀', 'O'), (' ', 'O'), ('우려', 'O')]"
106,2007.09.26. 오전 10:42,송파·동탄2신도시 대토보상제 적용,"[('송파·', 'LOCATION'), ('동탄2신도시', 'LOCATION'), (' ', 'O'), ('대토보상제', 'CIVILIZATION'), (' ', 'O'), ('적용', 'O')]"
107,2007.09.26. 오전 10:38,르포美·캐나다 속 서브프라임 무풍지대,"[('르포美·', 'O'), ('캐나다', 'COUNTRY'), (' ', 'O'), ('속', 'O'), (' ', 'O'), ('서브프라임', 'O'), (' ', 'O'), ('무풍지대', 'O')]"
108,2007.09.26. 오전 10:33,주택시장 바뀌는 제도 제대로 알고 대응하자,"[('주택시장', 'O'), (' ', 'O'), ('바뀌는', 'O'), (' ', 'O'), ('제도', 'O'), (' ', 'O'), ('제대로', 'O'), (' ', 'O'), ('알고', 'O'), (' ', 'O'), ('대응하자', 'O')]"
109,2007.09.26. 오전 10:26,대토보상제 송파신도시 첫 적용된다,"[('대토보상제', 'CIVILIZATION'), (' ', 'O'), ('송파신도시', 'LOCATION'), (' ', 'O'), ('첫', 'O'), (' ', 'O'), ('적용된다', 'O')]"
110,2007.09.26. 오전 10:09,소형 아파트 강세현상  내년까지 이어진다,"[('소형', 'O'), (' ', 'O'), ('아파트', 'O'), (' ', 'O'), ('강세현상', 'O'), (' ', 'O'), ('내년까지', 'DATE'), (' ', 'O'), ('이어진다', 'O')]"
111,2007.09.26. 오전 10:09,中 모기지 금리 이번주 인상 가능,"[('中', 'LOCATION'), (' ', 'O'), ('모기지', 'O'), (' ', 'O'), ('금리', 'O'), (' ', 'O'), ('이번주', 'DATE'), (' ', 'O'), ('인상', 'O'), (' ', 'O'), ('가능', 'O')]"
112,2007.09.26. 오전 10:00,긴급진단주택정책③무너지는 건설사,"[('긴급진단주택정책', 'CIVILIZATION'), ('③무너지는', 'O'), (' ', 'O'), ('건설사', 'O')]"
113,2007.09.26. 오전 9:51,크레디트스위스 모기지 사업부문 감원,"[('크레디트스위스', 'ORGANIZATION'), (' ', 'O'), ('모기지', 'O'), (' ', 'O'), ('사업부문', 'O'), (' ', 'O'), ('감원', 'O')]"
114,2007.09.26. 오전 9:00,계약금 실제 지급전이면 위약금 없이 해지 가능,"[('계약금', 'O'), (' ', 'O'), ('실제', 'O'), (' ', 'O'), ('지급전이면', 'O'), (' ', 'O'), ('위약금', 'O'), (' ', 'O'), ('없이', 'O'), (' ', 'O'), ('해지', 'O'), (' ', 'O'), ('가능', 'O')]"
115,2007.09.26. 오전 7:00,종부세 인상 상한선 300→150% 하향 추진,"[('종부세', 'CIVILIZATION'), (' ', 'O'), ('인상', 'O'), (' ', 'O'), ('상한선', 'O'), (' ', 'O'), ('300', 'QUANTITY'), ('→', 'O'), ('150%', 'QUANTITY'), (' ', 'O'), ('하향', 'O'), (' ', 'O'), ('추진', 'O')]"
116,2007.09.26. 오전 6:15,저가 전세아파트 가격 상승..가구수는 급감,"[('저가', 'O'), (' ', 'O'), ('전세아파트', 'O'), (' ', 'O'), ('가격', 'O'), (' ', 'O'), ('상승..가구수는', 'O'), (' ', 'O'), ('급감', 'O')]"
117,2007.09.26. 오전 6:11,재건축 아파트값도 강남권↓ 비강남권↑,"[('재건축', 'O'), (' ', 'O'), ('아파트값도', 'O'), (' ', 'O'), ('강남권', 'LOCATION'), ('↓', 'O'), (' ', 'O'), ('비', 'O'), ('강남권', 'LOCATION'), ('↑', 'O')]"
118,2007.09.26. 오전 6:05,송파.동탄2 신도시에서 대토보상한다,"[('송파', 'LOCATION'), ('.', 'O'), ('동탄2 신', 'LOCATION'), ('도시에서', 'O'), (' ', 'O'), ('대토보상한다', 'O')]"
119,2007.09.26. 오전 6:04,대단지 미분양 아파트 노려보라,"[('대단지', 'O'), (' ', 'O'), ('미분양', 'O'), (' ', 'O'), ('아파트', 'O'), (' ', 'O'), ('노려보라', 'O')]"
120,2007.09.26. 오전 3:10,하반기 청주지역에 아파트 7700여세대 쏟아져,"[('하반기', 'DATE'), (' ', 'O'), ('청주', 'CITY'), ('지역에', 'O'), (' ', 'O'), ('아파트', 'O'), (' ', 'O'), ('7700여세대', 'QUANTITY'), (' ', 'O'), ('쏟아져', 'O')]"
121,2007.09.27. 오후 9:39,버블세븐 아파트 시가총액올들어 6조1000억 증발,"[('버블세븐', 'ARTIFACT'), (' ', 'O'), ('아파트', 'O'), (' ', 'O'), ('시가총액올들어', 'O'), (' ', 'O'), ('6조1000억', 'QUANTITY'), (' ', 'O'), ('증발', 'O')]"
122,2007.09.27. 오후 9:39,3분기 아파트값 상승률인천 5.47%로 전국 최고,"[('3분기', 'DATE'), (' ', 'O'), ('아파트값', 'O'), (' ', 'O'), ('상승률', 'O'), ('인천', 'CITY'), (' ', 'O'), ('5.47%', 'QUANTITY'), ('로', 'O'), (' ', 'O'), ('전국', 'O'), (' ', 'O'), ('최고', 'O')]"
123,2007.09.27. 오후 7:30,파주새도시 상한제아파트 쏟아진다,"[('파주새도', 'LOCATION'), ('시', 'O'), (' ', 'O'), ('상한', 'CIVILIZATION'), ('제아파트', 'O'), (' ', 'O'), ('쏟아진다', 'O')]"
124,2007.09.27. 오후 6:47,추가공시 23억 아파트 최고,"[('추가공시', 'O'), (' ', 'O'), ('23억', 'QUANTITY'), (' ', 'O'), ('아파트', 'O'), (' ', 'O'), ('최고', 'O')]"
125,2007.09.27. 오후 6:33,삼성동 롯데캐슬 공시가 23억 최고,"[('삼성동', 'LOCATION'), (' ', 'O'), ('롯데캐슬', 'ARTIFACT'), (' ', 'O'), ('공시가', 'O'), (' ', 'O'), ('23억', 'QUANTITY'), (' ', 'O'), ('최고', 'O')]"
126,2007.09.27. 오후 6:33,버블세븐 시가총액 6조 줄어…양천구 4.8％ 하락,"[('버블세븐', 'ARTIFACT'), (' ', 'O'), ('시가총액', 'O'), (' ', 'O'), ('6조', 'QUANTITY'), (' ', 'O'), ('줄어…', 'O'), ('양천구', 'LOCATION'), (' ', 'O'), ('4.8％', 'QUANTITY'), (' ', 'O'), ('하락', 'O')]"
127,2007.09.27. 오후 6:32,접경지 족쇄 풀때 됐다 규제는 그대로인데 땅값은 34배 껑충,"[('접경지', 'O'), (' ', 'O'), ('족쇄', 'O'), (' ', 'O'), ('풀때', 'O'), (' ', 'O'), ('됐다', 'O'), (' ', 'O'), ('규제는', 'O'), (' ', 'O'), ('그대로인데', 'O'), (' ', 'O'), ('땅값은', 'O'), (' ', 'O'), ('34배', 'QUANTITY'), (' ', 'O'), ('껑충', 'O')]"
128,2007.09.27. 오후 6:27,부동산 임대업자 부가세 부담 는다,"[('부동산', 'O'), (' ', 'O'), ('임대업자', 'CIVILIZATION'), (' ', 'O'), ('부가세', 'CIVILIZATION'), (' ', 'O'), ('부담', 'O'), (' ', 'O'), ('는다', 'O')]"
129,2007.09.27. 오후 6:18,작년 건설매출 140조…역대 최대,"[('작년', 'DATE'), (' ', 'O'), ('건설매출', 'O'), (' ', 'O'), ('140조', 'QUANTITY'), ('…역대', 'O'), (' ', 'O'), ('최대', 'O')]"
130,2007.09.27. 오후 6:17,쌍용건설 6억8600만달러 해외호텔 공사 수주,"[('쌍용건설', 'ORGANIZATION'), (' ', 'O'), ('6억8600만달러', 'QUANTITY'), (' ', 'O'), ('해외호텔', 'O'), (' ', 'O'), ('공사', 'O'), (' ', 'O'), ('수주', 'O')]"
131,2007.09.27. 오후 6:08,매경  국민銀 부동산 거래선진화 세미나,"[('매경', 'ORGANIZATION'), (' ', 'O'), ('국민', 'CIVILIZATION'), ('銀', 'O'), (' ', 'O'), ('부동산', 'O'), (' ', 'O'), ('거래선진화', 'O'), (' ', 'O'), ('세미나', 'O')]"
132,2007.09.27. 오후 6:08,톡톡 부동산 상가분양 과장광고 심하다,"[('톡톡', 'O'), (' ', 'O'), ('부동산', 'O'), (' ', 'O'), ('상가분양', 'O'), (' ', 'O'), ('과장광고', 'O'), (' ', 'O'), ('심하다', 'O')]"
133,2007.09.27. 오후 6:08,올해 신축 공동주택 11만가구 공시가격 발표,"[('올해', 'DATE'), (' ', 'O'), ('신축', 'O'), (' ', 'O'), ('공동주택', 'O'), (' ', 'O'), ('11만가구', 'QUANTITY'), (' ', 'O'), ('공시가격', 'O'), (' ', 'O'), ('발표', 'O')]"
134,2007.09.27. 오후 6:08,3분기 집값상승률 인천 최고,"[('3분기', 'DATE'), (' ', 'O'), ('집값상승률', 'O'), (' ', 'O'), ('인천', 'CITY'), (' ', 'O'), ('최고', 'O')]"
135,2007.09.27. 오후 6:08,21세기교육문화포럼 세미나,"[('21세기교육문화포럼', 'EVENT'), (' ', 'O'), ('세미나', 'O')]"
136,2007.09.27. 오후 6:08,해외 부동산 전문가 과정,"[('해외', 'O'), (' ', 'O'), ('부동산', 'O'), (' ', 'O'), ('전문가', 'OCCUPATION'), (' ', 'O'), ('과정', 'O')]"
137,2007.09.27. 오후 6:08,MK추천매물 경기 김포 상가 5억 2천만원,"[('MK추천매물', 'O'), (' ', 'O'), ('경기', 'LOCATION'), (' ', 'O'), ('김포', 'LOCATION'), (' ', 'O'), ('상가', 'O'), (' ', 'O'), ('5억 2천만원', 'QUANTITY')]"
138,2007.09.27. 오후 6:08,주공 주부아이디어 공모전,"[('주공', 'CIVILIZATION'), (' ', 'O'), ('주부아이디어 공모전', 'EVENT')]"
139,2007.09.27. 오후 6:08,중견건설사 신창 남극까지 진출한다,"[('중견건설사', 'O'), (' ', 'O'), ('신창', 'ORGANIZATION'), (' ', 'O'), ('남극', 'LOCATION'), ('까지', 'O'), (' ', 'O'), ('진출한다', 'O')]"
140,2007.09.27. 오후 6:08,분양 양주 고읍 우미린,"[('분양', 'O'), (' ', 'O'), ('양주', 'CITY'), (' ', 'O'), ('고읍', 'LOCATION'), (' ', 'O'), ('우미린', 'ARTIFACT')]"
141,2007.09.27. 오후 6:08,보상금 1억 이상 예치하면 상업용지 우선 분양,"[('보상금', 'O'), (' ', 'O'), ('1억 이상', 'QUANTITY'), (' ', 'O'), ('예치하면', 'O'), (' ', 'O'), ('상업용지', 'O'), (' ', 'O'), ('우선', 'O'), (' ', 'O'), ('분양', 'O')]"
142,2007.09.27. 오후 6:03,충남 서해안일대 아파트 분양 봇물,"[('충남', 'LOCATION'), (' ', 'O'), ('서해안일대', 'LOCATION'), (' ', 'O'), ('아파트', 'O'), (' ', 'O'), ('분양', 'O'), (' ', 'O'), ('봇물', 'O')]"
143,2007.09.27. 오후 6:03,강남 3구 전세시장 썰렁,"[('강남', 'LOCATION'), (' ', 'O'), ('3구', 'LOCATION'), (' ', 'O'), ('전세시장', 'O'), (' ', 'O'), ('썰렁', 'O')]"
144,2007.09.27. 오후 6:03,추석이후 유망 분양시장은…,"[('추석이후', 'DATE'), (' ', 'O'), ('유망', 'O'), (' ', 'O'), ('분양시장은…', 'O')]"
145,2007.09.27. 오후 5:54,현금으로 땅으로…토지소유주 보상방식 저울질,"[('현금으로', 'O'), (' ', 'O'), ('땅으로…', 'O'), ('토지소유주', 'CIVILIZATION'), (' ', 'O'), ('보상방식', 'O'), (' ', 'O'), ('저울질', 'O')]"
146,2007.09.27. 오후 5:51,송파신도시 정부지자체 광역교통대책 ‘대립’,"[('송파신도시', 'LOCATION'), (' ', 'O'), ('정부', 'ORGANIZATION'), ('지자체', 'O'), (' ', 'O'), ('광역교통대책', 'O'), (' ', 'O'), ('‘대립’', 'O')]"
147,2007.09.27. 오후 5:51,신축아파트 보유세 이의신청 불허,"[('신축아파트', 'O'), (' ', 'O'), ('보유세', 'CIVILIZATION'), (' ', 'O'), ('이의신청', 'O'), (' ', 'O'), ('불허', 'O')]"
148,2007.09.27. 오후 5:51,파주신도시 연내 9천가구 공급,"[('파주신도시', 'LOCATION'), (' ', 'O'), ('연내', 'O'), (' ', 'O'), ('9천가구', 'QUANTITY'), (' ', 'O'), ('공급', 'O')]"
149,2007.09.27. 오후 5:51,쌍용건설 싱가포르 호텔 공사 6억8600만弗 수주,"[('쌍용건설', 'ORGANIZATION'), (' ', 'O'), ('싱가포르 호텔', 'ARTIFACT'), (' ', 'O'), ('공사', 'O'), (' ', 'O'), ('6억8600만弗', 'QUANTITY'), (' ', 'O'), ('수주', 'O')]"
150,2007.09.27. 오후 5:37,이수건설 삼성동 브라운스톤 레전드 분양,"[('이수건설', 'ORGANIZATION'), (' ', 'O'), ('삼성동', 'LOCATION'), (' ', 'O'), ('브라운스톤 레전드', 'ARTIFACT'), (' ', 'O'), ('분양', 'O')]"
151,2007.09.27. 오후 5:28,대우건설 스위스에 해외법인 설립,"[('대우건설', 'ORGANIZATION'), (' ', 'O'), ('스위스', 'COUNTRY'), ('에', 'O'), (' ', 'O'), ('해외법인', 'O'), (' ', 'O'), ('설립', 'O')]"
152,2007.09.27. 오후 5:20,건설업계 지난해 실적 쾌조,"[('건설업계', 'O'), (' ', 'O'), ('지난해', 'DATE'), (' ', 'O'), ('실적', 'O'), (' ', 'O'), ('쾌조', 'O')]"
153,2007.09.27. 오후 5:17,강창일 의원 하도급 거래 공정화 법률개정 발의,"[('강창일', 'PERSON'), (' ', 'O'), ('의원', 'OCCUPATION'), (' ', 'O'), ('하도급', 'O'), (' ', 'O'), ('거래', 'O'), (' ', 'O'), ('공정화', 'O'), (' ', 'O'), ('법률개정', 'O'), (' ', 'O'), ('발의', 'O')]"
154,2007.09.27. 오후 5:09,공시지가결정 취소판결시 새로 공시해야,"[('공시지가결정', 'O'), (' ', 'O'), ('취소판결시', 'O'), (' ', 'O'), ('새로', 'O'), (' ', 'O'), ('공시해야', 'O')]"
155,2007.09.27. 오후 5:09,송파신도시 토지보상 내년으로 미뤄질 듯,"[('송파신도시', 'LOCATION'), (' ', 'O'), ('토지보상', 'O'), (' ', 'O'), ('내년', 'DATE'), ('으로', 'O'), (' ', 'O'), ('미뤄질', 'O'), (' ', 'O'), ('듯', 'O')]"
156,2007.09.27. 오후 5:02,아파트도 특허시대… “특허 받은 ‘명품아파트’ 나온다”,"[('아파트도', 'O'), (' ', 'O'), ('특허시대…', 'O'), (' ', 'O'), ('“특허', 'O'), (' ', 'O'), ('받은', 'O'), (' ', 'O'), ('‘명품아파트’', 'O'), (' ', 'O'), ('나온다”', 'O')]"
157,2007.09.27. 오후 5:02,충남도 내년 지역현안사업에 국비 3조 3810억원 확보,"[('충남도', 'ORGANIZATION'), (' ', 'O'), ('내년', 'DATE'), (' ', 'O'), ('지역현안사업에', 'O'), (' ', 'O'), ('국비', 'O'), (' ', 'O'), ('3조 3810억원', 'QUANTITY'), (' ', 'O'), ('확보', 'O')]"
158,2007.09.27. 오후 4:56,건설업계 작년 장사 잘했다,"[('건설업계', 'O'), (' ', 'O'), ('작년', 'DATE'), (' ', 'O'), ('장사', 'O'), (' ', 'O'), ('잘했다', 'O')]"
159,2007.09.27. 오후 4:51,중견업체들 실버주택 고민,"[('중견업체들', 'O'), (' ', 'O'), ('실버주택', 'O'), (' ', 'O'), ('고민', 'O')]"
160,2007.09.27. 오후 4:51,토지보상금 1억이상 예치땐 상업용지 분양 우선권 준다,"[('토지보상금', 'O'), (' ', 'O'), ('1억이상', 'QUANTITY'), (' ', 'O'), ('예치땐', 'O'), (' ', 'O'), ('상업용지', 'O'), (' ', 'O'), ('분양', 'O'), (' ', 'O'), ('우선권', 'O'), (' ', 'O'), ('준다', 'O')]"
161,2007.09.27. 오후 4:51,재건축 입주권 취득후 기존주택 팔때 비과세 적용 기준은…,"[('재건축', 'O'), (' ', 'O'), ('입주권', 'O'), (' ', 'O'), ('취득후', 'O'), (' ', 'O'), ('기존주택', 'O'), (' ', 'O'), ('팔때', 'O'), (' ', 'O'), ('비과세', 'O'), (' ', 'O'), ('적용', 'O'), (' ', 'O'), ('기준은…', 'O')]"
162,2007.09.27. 오후 4:51,주목 이곳 서울 마포구,"[('주목', 'O'), (' ', 'O'), ('이곳', 'O'), (' ', 'O'), ('서울', 'CITY'), (' ', 'O'), ('마포구', 'LOCATION')]"
163,2007.09.27. 오후 4:35,건설업계 성장은 했지만 미래는 ‘먹구름’,"[('건설업계', 'O'), (' ', 'O'), ('성장은', 'O'), (' ', 'O'), ('했지만', 'O'), (' ', 'O'), ('미래는', 'O'), (' ', 'O'), ('‘먹구름’', 'O')]"
164,2007.09.27. 오후 4:27,마지막 용인 빅3 성복 연내 분양 불투명,"[('마지막', 'O'), (' ', 'O'), ('용인', 'CITY'), (' ', 'O'), ('빅3', 'QUANTITY'), (' ', 'O'), ('성복', 'LOCATION'), (' ', 'O'), ('연내', 'O'), (' ', 'O'), ('분양', 'O'), (' ', 'O'), ('불투명', 'O')]"
165,2007.09.27. 오후 4:09,성원건설 두바이 225억원 빌딩 수주,"[('성원건설', 'ORGANIZATION'), (' ', 'O'), ('두바이', 'CITY'), (' ', 'O'), ('225억원', 'QUANTITY'), (' ', 'O'), ('빌딩', 'O'), (' ', 'O'), ('수주', 'O')]"
166,2007.09.27. 오후 4:04,우미건설 양주 고읍지구 513가구 분양,"[('우미건설', 'ORGANIZATION'), (' ', 'O'), ('양주', 'CITY'), (' ', 'O'), ('고읍지구', 'LOCATION'), (' ', 'O'), ('513가구', 'QUANTITY'), (' ', 'O'), ('분양', 'O')]"
167,2007.09.27. 오후 3:55,갤러리야 아파트야,"[('갤러리야 아파트', 'ARTIFACT'), ('야', 'O')]"
168,2007.09.27. 오후 3:39,신창건설 남극 세종기지 증축 수주,"[('신창건설', 'ORGANIZATION'), (' ', 'O'), ('남극', 'LOCATION'), (' ', 'O'), ('세종기지', 'ORGANIZATION'), (' ', 'O'), ('증축', 'O'), (' ', 'O'), ('수주', 'O')]"
169,2007.09.27. 오후 3:36,“국내건설업체 견실해졌다” 건설협회,"[('“국내건설업체', 'O'), (' ', 'O'), ('견실해졌다”', 'O'), (' ', 'O'), ('건설협회', 'ORGANIZATION')]"
170,2007.09.27. 오후 3:32,지난 3년간 아파트값 평균 상승률 평촌 ＞ 과천 ＞ 용인 順,"[('지난 3년간', 'DATE'), (' ', 'O'), ('아파트값', 'O'), (' ', 'O'), ('평균', 'O'), (' ', 'O'), ('상승률', 'O'), (' ', 'O'), ('평촌', 'LOCATION'), (' ', 'O'), ('＞', 'O'), (' ', 'O'), ('과천', 'LOCATION'), (' ', 'O'), ('＞', 'O'), (' ', 'O'), ('용인', 'CITY'), (' ', 'O'), ('順', 'O')]"
171,2007.09.27. 오후 2:56,부동산임대업자 부가세 과표 이자율 상향…세부담 증가,"[('부동산임대업자', 'CIVILIZATION'), (' ', 'O'), ('부가세', 'CIVILIZATION'), (' ', 'O'), ('과표', 'O'), (' ', 'O'), ('이자율', 'O'), (' ', 'O'), ('상향…세부담', 'O'), (' ', 'O'), ('증가', 'O')]"
172,2007.09.27. 오후 2:54,땅 vs 현찰…토지소유주 보상 어떻게,"[('땅', 'O'), (' ', 'O'), ('vs', 'O'), (' ', 'O'), ('현찰…', 'O'), ('토지소유주', 'CIVILIZATION'), (' ', 'O'), ('보상', 'O'), (' ', 'O'), ('어떻게', 'O')]"
173,2007.09.27. 오후 2:50,대덕특구 2단계 개발사업 가속도...2013년 준공,"[('대덕특구', 'LOCATION'), (' ', 'O'), ('2단계', 'QUANTITY'), (' ', 'O'), ('개발사업', 'O'), (' ', 'O'), ('가속도...', 'O'), ('2013년', 'DATE'), (' ', 'O'), ('준공', 'O')]"
174,2007.09.27. 오후 2:50,하반기 집값상승 인천 으뜸…서울도 소폭 올라,"[('하반기', 'DATE'), (' ', 'O'), ('집값상승', 'O'), (' ', 'O'), ('인천', 'CITY'), (' ', 'O'), ('으뜸…', 'O'), ('서울', 'CITY'), ('도', 'O'), (' ', 'O'), ('소폭', 'O'), (' ', 'O'), ('올라', 'O')]"
175,2007.09.27. 오후 2:45,월드건설 화환 대신 쌀 모금해 기증,"[('월드건설', 'ORGANIZATION'), (' ', 'O'), ('화환', 'O'), (' ', 'O'), ('대신', 'O'), (' ', 'O'), ('쌀', 'PLANT'), (' ', 'O'), ('모금해', 'O'), (' ', 'O'), ('기증', 'O')]"
176,2007.09.27. 오후 2:19,쌍용 싱가포르서 6억8천만불 수주…역대 최대 규모,"[('쌍용', 'ORGANIZATION'), (' ', 'O'), ('싱가포르', 'CITY'), ('서', 'O'), (' ', 'O'), ('6억8천만불', 'QUANTITY'), (' ', 'O'), ('수주…역대', 'O'), (' ', 'O'), ('최대', 'O'), (' ', 'O'), ('규모', 'O')]"
177,2007.09.27. 오후 2:19,버블세븐 시가총액 올 6조1700억 ‘증발’,"[('버블세븐', 'ORGANIZATION'), (' ', 'O'), ('시가총액', 'O'), (' ', 'O'), ('올', 'DATE'), (' ', 'O'), ('6조1700억', 'QUANTITY'), (' ', 'O'), ('‘증발’', 'O')]"
178,2007.09.27. 오후 2:12,양주고읍 ‘우남퍼스트빌’ 분양,"[('양주고읍', 'LOCATION'), (' ', 'O'), ('‘', 'O'), ('우남퍼스트빌', 'ARTIFACT'), ('’', 'O'), (' ', 'O'), ('분양', 'O')]"
179,2007.09.27. 오후 2:05,경기도 주인 없는 부동산 의정부시보다 넓어,"[('경기도', 'LOCATION'), (' ', 'O'), ('주인', 'CIVILIZATION'), (' ', 'O'), ('없는', 'O'), (' ', 'O'), ('부동산', 'O'), (' ', 'O'), ('의정부시', 'CITY'), ('보다', 'O'), (' ', 'O'), ('넓어', 'O')]"
180,2007.09.27. 오후 2:01,주택관리공단 한남 외인 페스티벌,"[('주택관리공단', 'ORGANIZATION'), (' ', 'O'), ('한남 외인 페스티벌', 'EVENT')]"
181,2007.09.27. 오후 1:58,집단에너지사업 돈되나..건설업계 관심집중,"[('집단에너지사업', 'TERM'), (' ', 'O'), ('돈되나..', 'O'), (' ', 'O'), ('건설업계', 'O'), (' ', 'O'), ('관심집중', 'O')]"
182,2007.09.27. 오후 1:57,임대보증금 부가세과표계산 이자율 5.0%로 상향,"[('임대보증금', 'O'), (' ', 'O'), ('부가세과표계산', 'O'), (' ', 'O'), ('이자율', 'O'), (' ', 'O'), ('5.0%', 'QUANTITY'), ('로', 'O'), (' ', 'O'), ('상향', 'O')]"
183,2007.09.27. 오후 1:38,코오롱 하늘채 고객감동 서비스 실시,"[('코오롱 하늘채', 'ARTIFACT'), (' ', 'O'), ('고객', 'CIVILIZATION'), ('감동', 'O'), (' ', 'O'), ('서비스', 'O'), (' ', 'O'), ('실시', 'O')]"
184,2007.09.27. 오후 1:36,인천 아파트값 상승률 전국 최고,"[('인천', 'CITY'), (' ', 'O'), ('아파트값', 'O'), (' ', 'O'), ('상승률', 'O'), (' ', 'O'), ('전국', 'O'), (' ', 'O'), ('최고', 'O')]"
185,2007.09.27. 오후 12:56,파주 부동산시장 ‘기지개’,"[('파주', 'CITY'), (' ', 'O'), ('부동산시장', 'O'), (' ', 'O'), ('‘기지개’', 'O')]"
186,2007.09.27. 오후 12:56,GS건설 연내 5000가구 공급,"[('GS건설', 'ORGANIZATION'), (' ', 'O'), ('연내', 'O'), (' ', 'O'), ('5000가구', 'QUANTITY'), (' ', 'O'), ('공급', 'O')]"
187,2007.09.27. 오후 12:56,‘절대호재’ 혁신도시 지가상승 견인,"[('‘절대호재’', 'O'), (' ', 'O'), ('혁신도시', 'O'), (' ', 'O'), ('지가상승', 'O'), (' ', 'O'), ('견인', 'O')]"
188,2007.09.27. 오후 12:56,해외부동산 교육과정 개강,"[('해외부동산', 'O'), (' ', 'O'), ('교육과정', 'O'), (' ', 'O'), ('개강', 'O')]"
189,2007.09.27. 오후 12:56,버블세븐 아파트 시가총액 줄었다,"[('버블세븐', 'ARTIFACT'), (' ', 'O'), ('아파트', 'O'), (' ', 'O'), ('시가총액', 'O'), (' ', 'O'), ('줄었다', 'O')]"
190,2007.09.27. 오후 12:54,‘버블 세븐’ 아파트 시가총액 6조원 줄어,"[('‘', 'O'), ('버블 세븐', 'ARTIFACT'), ('’', 'O'), (' ', 'O'), ('아파트', 'O'), (' ', 'O'), ('시가총액', 'O'), (' ', 'O'), ('6조원', 'QUANTITY'), (' ', 'O'), ('줄어', 'O')]"
191,2007.09.27. 오후 12:46,우체국까지 철도승차권 판매망 확대,"[('우체국', 'ORGANIZATION'), ('까지', 'O'), (' ', 'O'), ('철도승차권', 'O'), (' ', 'O'), ('판매망', 'O'), (' ', 'O'), ('확대', 'O')]"
192,2007.09.27. 오후 12:35,강북·인천 집값 3분기 껑충,"[('강북', 'LOCATION'), ('·', 'O'), ('인천', 'CITY'), (' ', 'O'), ('집값', 'O'), (' ', 'O'), ('3분기', 'DATE'), (' ', 'O'), ('껑충', 'O')]"
193,2007.09.27. 오후 12:30,해외부동산 1가구 2주택 같기도,"[('해외부동산', 'O'), (' ', 'O'), ('1가구', 'QUANTITY'), (' ', 'O'), ('2주택', 'QUANTITY'), (' ', 'O'), ('같기도', 'O')]"
194,2007.09.27. 오후 12:03,택지개발시 자족시설 10%내 조성,"[('택지개발시', 'O'), (' ', 'O'), ('자족시설', 'O'), (' ', 'O'), ('10%내', 'QUANTITY'), (' ', 'O'), ('조성', 'O')]"
195,2007.09.27. 오전 11:49,쌍용건설 해외건설 역사상 최대 건축 공사 수주,"[('쌍용건설', 'ORGANIZATION'), (' ', 'O'), ('해외건설', 'O'), (' ', 'O'), ('역사상', 'O'), (' ', 'O'), ('최대', 'O'), (' ', 'O'), ('건축', 'O'), (' ', 'O'), ('공사', 'O'), (' ', 'O'), ('수주', 'O')]"
196,2007.09.27. 오전 11:48,파주신도시，연내 9000여가구 분양,"[('파주신도시', 'LOCATION'), ('，연내', 'O'), (' ', 'O'), ('9000여가구', 'QUANTITY'), (' ', 'O'), ('분양', 'O')]"
197,2007.09.27. 오전 11:38,우리 아파트 태풍에도 끄떡 없어요,"[('우리', 'O'), (' ', 'O'), ('아파트', 'O'), (' ', 'O'), ('태풍에도', 'O'), (' ', 'O'), ('끄떡', 'O'), (' ', 'O'), ('없어요', 'O')]"
198,2007.09.27. 오전 11:38,우미건설 고읍지구 우미 린 513가구 분양,"[('우미건설', 'ORGANIZATION'), (' ', 'O'), ('고읍지구', 'LOCATION'), (' ', 'O'), ('우미 린', 'ARTIFACT'), (' ', 'O'), ('513가구', 'QUANTITY'), (' ', 'O'), ('분양', 'O')]"
199,2007.09.27. 오전 11:35,현진 불우 이웃에 사랑의 쌀 전달,"[('현진', 'O'), (' ', 'O'), ('불우', 'O'), (' ', 'O'), ('이웃에', 'O'), (' ', 'O'), ('사랑의', 'O'), (' ', 'O'), ('쌀', 'CIVILIZATION'), (' ', 'O'), ('전달', 'O')]"
200,2007.09.27. 오전 11:32,코오롱건설 30일까지 추석 체험이벤트 펼쳐,"[('코오롱건설', 'ORGANIZATION'), (' ', 'O'), ('30일까지', 'DATE'), (' ', 'O'), ('추석', 'DATE'), (' ', 'O'), ('체험이벤트', 'O'), (' ', 'O'), ('펼쳐', 'O')]"
201,2007.09.27. 오전 11:32,쌍용건설 싱가포르서 6300억규모 공사 수주,"[('쌍용건설', 'ORGANIZATION'), (' ', 'O'), ('싱가포르', 'CITY'), ('서', 'O'), (' ', 'O'), ('6300억규모', 'QUANTITY'), (' ', 'O'), ('공사', 'O'), (' ', 'O'), ('수주', 'O')]"
202,2007.09.27. 오전 11:31,송파대로 중앙버스전용차로 건설,"[('송파대로', 'ARTIFACT'), (' ', 'O'), ('중앙버스전용차로', 'O'), (' ', 'O'), ('건설', 'O')]"
203,2007.09.27. 오전 11:28,신창건설 남극 세종기지 증축사업 수주,"[('신창건설', 'ORGANIZATION'), (' ', 'O'), ('남극 세종기지 증축사업', 'TERM'), (' ', 'O'), ('수주', 'O')]"
204,2007.09.27. 오전 11:25,신창건설 남극 세종기지 증축 수주,"[('신창건설', 'ORGANIZATION'), (' ', 'O'), ('남극', 'LOCATION'), (' ', 'O'), ('세종기지', 'ORGANIZATION'), (' ', 'O'), ('증축', 'O'), (' ', 'O'), ('수주', 'O')]"
205,2007.09.27. 오전 11:24,상반기 신축된 공동주택 11만 2천호 공시가격 추가 공시,"[('상반기', 'DATE'), (' ', 'O'), ('신축된', 'O'), (' ', 'O'), ('공동주택', 'O'), (' ', 'O'), ('11만 2천호', 'QUANTITY'), (' ', 'O'), ('공시가격', 'O'), (' ', 'O'), ('추가', 'O'), (' ', 'O'), ('공시', 'O')]"
206,2007.09.27. 오전 11:23,쌍용 6억8600만달러 규모 싱가포르 호텔 수주,"[('쌍용', 'ORGANIZATION'), (' ', 'O'), ('6억8600만달러', 'QUANTITY'), (' ', 'O'), ('규모', 'O'), (' ', 'O'), ('싱가포르 호', 'ARTIFACT'), ('텔', 'O'), (' ', 'O'), ('수주', 'O')]"
207,2007.09.27. 오전 11:23,토지보상금 예치자에 상업용지 우선권 부여,"[('토지보상금', 'O'), (' ', 'O'), ('예치자', 'CIVILIZATION'), ('에', 'O'), (' ', 'O'), ('상업용지', 'O'), (' ', 'O'), ('우선권', 'O'), (' ', 'O'), ('부여', 'O')]"
208,2007.09.27. 오전 11:18,품질혁신 우수기업 리베라종합건설,"[('품질혁신', 'O'), (' ', 'O'), ('우수기업', 'O'), (' ', 'O'), ('리베라종합건설', 'ORGANIZATION')]"
209,2007.09.27. 오전 11:15,힐스테이트 첫 돌…대표브랜드로 우뚝,"[('힐스테이트', 'ARTIFACT'), (' ', 'O'), ('첫 돌', 'QUANTITY'), ('…대표브랜드로', 'O'), (' ', 'O'), ('우뚝', 'O')]"
210,2007.09.27. 오전 11:14,쌍용건설 싱가포르 6억8600만달러 호텔 수주상보,"[('쌍용건설', 'ORGANIZATION'), (' ', 'O'), ('싱가포르', 'CITY'), (' ', 'O'), ('6억8600만달러', 'QUANTITY'), (' ', 'O'), ('호텔', 'O'), (' ', 'O'), ('수주상보', 'O')]"
211,2007.09.27. 오전 11:05,토지재결 사항 한눈에 본다,"[('토지재결', 'O'), (' ', 'O'), ('사항', 'O'), (' ', 'O'), ('한눈에', 'O'), (' ', 'O'), ('본다', 'O')]"
212,2007.09.27. 오전 11:04,토지재결 정보시스템 내일 오픈,"[('토지재결', 'O'), (' ', 'O'), ('정보시스템', 'O'), (' ', 'O'), ('내일', 'DATE'), (' ', 'O'), ('오픈', 'O')]"
213,2007.09.27. 오전 11:03,신창건설 남극 세종기지 증축사업 수주,"[('신창건설', 'ORGANIZATION'), (' ', 'O'), ('남극 세종기지 증축사업', 'TERM'), (' ', 'O'), ('수주', 'O')]"
214,2007.09.27. 오전 11:03,1억이상 보상금 예치하면 시설용지 공급,"[('1억이상', 'QUANTITY'), (' ', 'O'), ('보상금', 'O'), (' ', 'O'), ('예치하면', 'O'), (' ', 'O'), ('시설용지', 'O'), (' ', 'O'), ('공급', 'O')]"
215,2007.09.27. 오전 11:02,쌍용건설 6억8600만달러 싱가포르 호텔 수주1보,"[('쌍용건설', 'ORGANIZATION'), (' ', 'O'), ('6억8600만달러', 'QUANTITY'), (' ', 'O'), ('싱가포르', 'CITY'), (' ', 'O'), ('호텔', 'O'), (' ', 'O'), ('수주', 'O'), ('1보', 'QUANTITY')]"
216,2007.09.27. 오전 11:01,택지개발시 자족시설 10%범위 조성,"[('택지개발시', 'O'), (' ', 'O'), ('자족시설', 'O'), (' ', 'O'), ('10%', 'QUANTITY'), ('범위', 'O'), (' ', 'O'), ('조성', 'O')]"
217,2007.09.27. 오전 11:01,삼성동 롯데캐슬프레미어 23억2000만원 최고가,"[('삼성동', 'LOCATION'), (' ', 'O'), ('롯데캐슬프레미어', 'ARTIFACT'), (' ', 'O'), ('23억2000만원', 'QUANTITY'), (' ', 'O'), ('최고가', 'O')]"
218,2007.09.27. 오전 11:01,올 신규입주 최고가 롯데캐슬프레미어..23.2억원,"[('올', 'DATE'), (' ', 'O'), ('신규입주', 'O'), (' ', 'O'), ('최고가', 'O'), (' ', 'O'), ('롯데캐슬프레미어', 'ARTIFACT'), ('..', 'O'), (' ', 'O'), ('23.2억원', 'QUANTITY')]"
219,2007.09.27. 오전 10:51,품질혁신 우수기업 ㈜건화,"[('품질혁신', 'O'), (' ', 'O'), ('우수기업', 'O'), (' ', 'O'), ('㈜건화', 'O')]"
220,2007.09.27. 오전 10:40,주공 주부아이디어 공모전 개최,"[('주공', 'CIVILIZATION'), (' ', 'O'), ('주부아이디어 공모전', 'EVENT'), (' ', 'O'), ('개최', 'O')]"
221,2007.09.27. 오전 10:38,현대건설 힐스테이트 런칭 1주년,"[('현대건설', 'ORGANIZATION'), (' ', 'O'), ('힐스테이트', 'ARTIFACT'), (' ', 'O'), ('런칭', 'O'), (' ', 'O'), ('1주년', 'DATE')]"
222,2007.09.27. 오전 10:33,인천 부평 역세권에 오피스텔 분양,"[('인천', 'CITY'), (' ', 'O'), ('부평', 'LOCATION'), (' ', 'O'), ('역세권에', 'O'), (' ', 'O'), ('오피스텔', 'O'), (' ', 'O'), ('분양', 'O')]"
223,2007.09.27. 오전 10:33,대한주택보증 취득부동산 공매,"[('대한주택보증', 'ORGANIZATION'), (' ', 'O'), ('취득부동산', 'O'), (' ', 'O'), ('공매', 'O')]"
224,2007.09.27. 오전 10:32,혁신도시 부동산시장 파괴력은,"[('혁신도시', 'O'), (' ', 'O'), ('부동산시장', 'O'), (' ', 'O'), ('파괴력은', 'O')]"
225,2007.09.27. 오전 10:30,대형건설사 최저가 공사에서 ‘맹위’,"[('대형건설사', 'O'), (' ', 'O'), ('최저가', 'O'), (' ', 'O'), ('공사에서', 'O'), (' ', 'O'), ('‘맹위’', 'O')]"
226,2007.09.27. 오전 10:28,내달부터 파주신도시 상한제아파트 쏟아진다,"[('내달부터', 'DATE'), (' ', 'O'), ('파주신도시', 'LOCATION'), (' ', 'O'), ('상한제아파트', 'O'), (' ', 'O'), ('쏟아진다', 'O')]"
227,2007.09.27. 오전 10:26,버블세븐 약세…올들어 6조 1천억원 증발,"[('버', 'ARTIFACT'), ('블세븐', 'O'), (' ', 'O'), ('약세…', 'O'), ('올', 'DATE'), ('들어', 'O'), (' ', 'O'), ('6조 1천억원', 'QUANTITY'), (' ', 'O'), ('증발', 'O')]"
228,2007.09.27. 오전 10:18,주택보증 포천 거산아파트 등 할인매각,"[('주택보증', 'O'), (' ', 'O'), ('포천', 'CITY'), (' ', 'O'), ('거산아파트', 'ARTIFACT'), (' ', 'O'), ('등', 'O'), (' ', 'O'), ('할인매각', 'O')]"
229,2007.09.27. 오전 10:13,주공 톡톡 튀는 주부아이디어 공모,"[('주공', 'CIVILIZATION'), (' ', 'O'), ('톡톡', 'O'), (' ', 'O'), ('튀는', 'O'), (' ', 'O'), ('주부', 'OCCUPATION'), ('아이디어', 'O'), (' ', 'O'), ('공모', 'O')]"
230,2007.09.27. 오전 10:11,남북회담 D5 신도시 분양파주 부동산 주목,"[('남북회담', 'EVENT'), (' ', 'O'), ('D5', 'LOCATION'), (' ', 'O'), ('신도시', 'O'), (' ', 'O'), ('분양파주', 'O'), (' ', 'O'), ('부동산', 'O'), (' ', 'O'), ('주목', 'O')]"
231,2007.09.27. 오전 9:49,전매제한이 분양 명암 나눈다,"[('전매제한이', 'O'), (' ', 'O'), ('분양', 'O'), (' ', 'O'), ('명암', 'O'), (' ', 'O'), ('나눈다', 'O')]"
232,2007.09.27. 오전 9:41,부동산따라잡기 경부축도로 난개발 몸살,"[('부동산따라잡기', 'O'), (' ', 'O'), ('경부축도로', 'ARTIFACT'), (' ', 'O'), ('난개발', 'O'), (' ', 'O'), ('몸살', 'O')]"
233,2007.09.27. 오전 9:41,버블세븐 아파트 시가총액 6조원 줄었다,"[('버블세븐', 'ARTIFACT'), (' ', 'O'), ('아파트', 'O'), (' ', 'O'), ('시가총액', 'O'), (' ', 'O'), ('6조원', 'QUANTITY'), (' ', 'O'), ('줄었다', 'O')]"
234,2007.09.27. 오전 9:18,분양정보두산건설 길음뉴타운 두산위브 123가구 외,"[('분양정보', 'O'), ('두산건설', 'ORGANIZATION'), (' ', 'O'), ('길음뉴타운 두산위브', 'ARTIFACT'), (' ', 'O'), ('123가구', 'QUANTITY'), (' ', 'O'), ('외', 'O')]"
235,2007.09.27. 오전 8:53,11월 전국 2만8000가구 입주...지방 올들어 최대,"[('11월', 'DATE'), (' ', 'O'), ('전국', 'O'), (' ', 'O'), ('2만8000가구', 'QUANTITY'), (' ', 'O'), ('입주...지방', 'O'), (' ', 'O'), ('올', 'DATE'), ('들어', 'O'), (' ', 'O'), ('최대', 'O')]"
236,2007.09.27. 오전 8:46,두산건설 새재개발 청산..434억원 현금유입,"[('두산건설', 'ORGANIZATION'), (' ', 'O'), ('새재개발', 'O'), (' ', 'O'), ('청산..', 'O'), ('434억원', 'QUANTITY'), (' ', 'O'), ('현금유입', 'O')]"
237,2007.09.27. 오전 8:38,충청지역 알짜 미분양아파트 관심 늘어,"[('충청', 'LOCATION'), ('지역', 'O'), (' ', 'O'), ('알짜', 'O'), (' ', 'O'), ('미분양아파트', 'O'), (' ', 'O'), ('관심', 'O'), (' ', 'O'), ('늘어', 'O')]"
238,2007.09.27. 오전 8:36,단독道서 짓는 호텔 옆에 市도 건설 계획… 경기도ㆍ고양시 중복투자 논란,"[('단독道서', 'O'), (' ', 'O'), ('짓는', 'O'), (' ', 'O'), ('호텔', 'O'), (' ', 'O'), ('옆', 'TERM'), ('에', 'O'), (' ', 'O'), ('市도', 'O'), (' ', 'O'), ('건설', 'O'), (' ', 'O'), ('계획…', 'O'), (' ', 'O'), ('경기도', 'ORGANIZATION'), ('ㆍ', 'O'), ('고양시', 'ORGANIZATION'), (' ', 'O'), ('중복투자', 'O'), (' ', 'O'), ('논란', 'O')]"
239,2007.09.27. 오전 8:35,내달부터 분양가상한제 아파트 쏟아진다,"[('내달부터', 'DATE'), (' ', 'O'), ('분양가상한제', 'CIVILIZATION'), (' ', 'O'), ('아파트', 'O'), (' ', 'O'), ('쏟아진다', 'O')]"
240,2007.09.27. 오전 8:25,부동산따라잡기 양주 옥정신도시 본격 개발,"[('부동산따라잡기', 'O'), (' ', 'O'), ('양주', 'CITY'), (' ', 'O'), ('옥정신도시', 'LOCATION'), (' ', 'O'), ('본격', 'O'), (' ', 'O'), ('개발', 'O')]"
241,2007.09.27. 오전 8:25,부동산따라잡기 파주 운정신도시 관심집중,"[('부동산따라잡기', 'O'), (' ', 'O'), ('파주', 'CITY'), (' ', 'O'), ('운정신도시', 'LOCATION'), (' ', 'O'), ('관심집중', 'O')]"
242,2007.09.27. 오전 8:24,버블세븐 시가총액 6조원 하락,"[('버블세븐', 'ORGANIZATION'), (' ', 'O'), ('시가총액', 'O'), (' ', 'O'), ('6조원', 'QUANTITY'), (' ', 'O'), ('하락', 'O')]"
243,2007.09.27. 오전 8:24,용산역 앞 최고 40층 주상복합 일반분양 주목,"[('용산역', 'LOCATION'), (' ', 'O'), ('앞', 'TERM'), (' ', 'O'), ('최고', 'O'), (' ', 'O'), ('40층', 'QUANTITY'), (' ', 'O'), ('주상복합', 'O'), (' ', 'O'), ('일반분양', 'O'), (' ', 'O'), ('주목', 'O')]"
244,2007.09.27. 오전 7:57,버블세븐 시가총액 올들어 6조1천억원 증발,"[('버블세븐', 'ORGANIZATION'), (' ', 'O'), ('시가총액', 'O'), (' ', 'O'), ('올', 'DATE'), ('들어', 'O'), (' ', 'O'), ('6조1천억원', 'QUANTITY'), (' ', 'O'), ('증발', 'O')]"
245,2007.09.27. 오전 7:20,추석 이후 집값 大選 변수ㆍ2주택자 급매물이 관건,"[('추석 이후', 'DATE'), (' ', 'O'), ('집값', 'O'), (' ', 'O'), ('大選', 'O'), (' ', 'O'), ('변수ㆍ', 'O'), ('2주택자', 'CIVILIZATION'), (' ', 'O'), ('급매물이', 'O'), (' ', 'O'), ('관건', 'O')]"
246,2007.09.27. 오전 6:15,79월 아파트값 인천 5.47%↑..전국 최고,"[('79월', 'DATE'), (' ', 'O'), ('아파트값', 'O'), (' ', 'O'), ('인천', 'CITY'), (' ', 'O'), ('5.47%', 'QUANTITY'), ('↑..전국', 'O'), (' ', 'O'), ('최고', 'O')]"
247,2007.09.27. 오전 6:11,버블세븐 시가총액 올들어 6조1천억원 증발,"[('버블세븐', 'ORGANIZATION'), (' ', 'O'), ('시가총액', 'O'), (' ', 'O'), ('올', 'DATE'), ('들어', 'O'), (' ', 'O'), ('6조1천억원', 'QUANTITY'), (' ', 'O'), ('증발', 'O')]"
248,2007.09.27. 오전 6:05,내달부터 파주신도시에 상한제아파트 쏟아진다,"[('내달부터', 'DATE'), (' ', 'O'), ('파주신도시', 'LOCATION'), ('에', 'O'), (' ', 'O'), ('상한제', 'CIVILIZATION'), ('아파트', 'O'), (' ', 'O'), ('쏟아진다', 'O')]"
249,2007.09.27. 오전 3:02,송파동탄2신도시 대토보상제 첫 적용,"[('송파동탄2신도시', 'LOCATION'), (' ', 'O'), ('대토보상제', 'CIVILIZATION'), (' ', 'O'), ('첫', 'O'), (' ', 'O'), ('적용', 'O')]"
250,2007.09.28. 오후 8:34,파주신도시 휴먼시아 평당분양가 800만원대,"[('파주신도시', 'LOCATION'), (' ', 'O'), ('휴먼시아', 'ARTIFACT'), (' ', 'O'), ('평당분양가', 'O'), (' ', 'O'), ('800만원대', 'QUANTITY')]"
251,2007.09.28. 오후 7:55,올해 6억 이상 고가아파트 53% 집값 하락,"[('올해', 'DATE'), (' ', 'O'), ('6억 이상', 'QUANTITY'), (' ', 'O'), ('고가아파트', 'O'), (' ', 'O'), ('53%', 'QUANTITY'), (' ', 'O'), ('집값', 'O'), (' ', 'O'), ('하락', 'O')]"
252,2007.09.28. 오후 7:35,올들어 6억이상 고가 아파트 절반이 값 하락,"[('올들', 'DATE'), ('어', 'O'), (' ', 'O'), ('6억이상', 'QUANTITY'), (' ', 'O'), ('고가', 'O'), (' ', 'O'), ('아파트', 'O'), (' ', 'O'), ('절반', 'QUANTITY'), ('이', 'O'), (' ', 'O'), ('값', 'O'), (' ', 'O'), ('하락', 'O')]"
253,2007.09.28. 오후 7:11,양주 고읍지구 우남퍼스트빌 분양,"[('양주', 'CITY'), (' ', 'O'), ('고읍지구', 'LOCATION'), (' ', 'O'), ('우남퍼스트빌', 'ARTIFACT'), (' ', 'O'), ('분양', 'O')]"
254,2007.09.28. 오후 6:40,대한한공 다음달 김포대구노선 운항 중단,"[('대한한공', 'ORGANIZATION'), (' ', 'O'), ('다음달', 'DATE'), (' ', 'O'), ('김포대구', 'LOCATION'), ('노선', 'O'), (' ', 'O'), ('운항', 'O'), (' ', 'O'), ('중단', 'O')]"
255,2007.09.28. 오후 6:24,‘반값 아파트’ 내달 15일 첫 분양,"[('‘반값', 'O'), (' ', 'O'), ('아파트’', 'O'), (' ', 'O'), ('내달 15일', 'DATE'), (' ', 'O'), ('첫', 'O'), (' ', 'O'), ('분양', 'O')]"
256,2007.09.28. 오후 6:08,감정가만 4418억…부동산 경매 사상 최고가 ‘등장’,"[('감정가만', 'O'), (' ', 'O'), ('4418억', 'QUANTITY'), ('…부동산', 'O'), (' ', 'O'), ('경매', 'O'), (' ', 'O'), ('사상', 'O'), (' ', 'O'), ('최고가', 'O'), (' ', 'O'), ('‘등장’', 'O')]"
257,2007.09.28. 오후 6:08,분양 부평 현대 더 로프트,"[('분양', 'O'), (' ', 'O'), ('부평', 'LOCATION'), (' ', 'O'), ('현대 더 로프트', 'ARTIFACT')]"
258,2007.09.28. 오후 6:08,분양 남양주 신창현 풍림아이원,"[('분양', 'O'), (' ', 'O'), ('남양주', 'CITY'), (' ', 'O'), ('신창현', 'PERSON'), (' ', 'O'), ('풍림아이원', 'ORGANIZATION')]"
259,2007.09.28. 오후 6:08,분양 인천 렉스힐 퍼블리시티,"[('분양', 'O'), (' ', 'O'), ('인천', 'CITY'), (' ', 'O'), ('렉스힐 퍼블리시티', 'ARTIFACT')]"
260,2007.09.28. 오후 6:08,분양 대치동 에스엠대치타워,"[('분양', 'O'), (' ', 'O'), ('대치동', 'LOCATION'), (' ', 'O'), ('에스엠대치타워', 'ARTIFACT')]"
261,2007.09.28. 오후 6:08,반값 아파트 첫 분양…군포 부곡 804가구,"[('반값', 'QUANTITY'), (' ', 'O'), ('아파트', 'O'), (' ', 'O'), ('첫', 'O'), (' ', 'O'), ('분양…', 'O'), ('군포', 'LOCATION'), (' ', 'O'), ('부곡', 'LOCATION'), (' ', 'O'), ('804가구', 'QUANTITY')]"
262,2007.09.28. 오후 6:08,4분기 국민임대 2만1895가구 공급,"[('4분기', 'DATE'), (' ', 'O'), ('국민', 'CIVILIZATION'), ('임대', 'O'), (' ', 'O'), ('2만1895가구', 'QUANTITY'), (' ', 'O'), ('공급', 'O')]"
263,2007.09.28. 오후 6:08,서울시 건축위원 대폭 물갈이됐다,"[('서울시', 'CITY'), (' ', 'O'), ('건축위원', 'CIVILIZATION'), (' ', 'O'), ('대폭', 'O'), (' ', 'O'), ('물갈이됐다', 'O')]"
264,2007.09.28. 오후 6:08,현대건설 당진 도시개발,"[('현대건설', 'ORGANIZATION'), (' ', 'O'), ('당진', 'LOCATION'), (' ', 'O'), ('도시개발', 'O')]"
265,2007.09.28. 오후 6:08,파주운정 분양가 800만원대,"[('파주운정', 'LOCATION'), (' ', 'O'), ('분양가', 'O'), (' ', 'O'), ('800만원대', 'QUANTITY')]"
266,2007.09.28. 오후 6:08,남양주 진접 미분양 털기 안간힘,"[('남양주', 'CITY'), (' ', 'O'), ('진접', 'LOCATION'), (' ', 'O'), ('미분양', 'O'), (' ', 'O'), ('털기', 'O'), (' ', 'O'), ('안간힘', 'O')]"
267,2007.09.28. 오후 5:42,파주운정 휴먼시아 3.3㎡당 분양가 890만원 안팎으로 결정,"[('파주운정 휴먼시아', 'ARTIFACT'), (' ', 'O'), ('3.3㎡당', 'QUANTITY'), (' ', 'O'), ('분양가', 'O'), (' ', 'O'), ('890만원 안팎', 'QUANTITY'), ('으로', 'O'), (' ', 'O'), ('결정', 'O')]"
268,2007.09.28. 오후 5:42,군포 부곡지구 반값 아파트 내달 15일부터 804가구 분양,"[('군포', 'LOCATION'), (' ', 'O'), ('부곡지구', 'LOCATION'), (' ', 'O'), ('반', 'QUANTITY'), ('값', 'O'), (' ', 'O'), ('아파트', 'O'), (' ', 'O'), ('내달 15일부터', 'DATE'), (' ', 'O'), ('804가구', 'QUANTITY'), (' ', 'O'), ('분양', 'O')]"
269,2007.09.28. 오후 5:19,대우건설 노인의 날 앞두고 봉사활동,"[('대우건설', 'ORGANIZATION'), (' ', 'O'), ('노인의 날', 'DATE'), (' ', 'O'), ('앞두고', 'O'), (' ', 'O'), ('봉사활동', 'O')]"
270,2007.09.28. 오후 5:17,김우중씨 거제도땅 모두 낙찰,"[('김우중', 'PERSON'), ('씨', 'O'), (' ', 'O'), ('거제도', 'LOCATION'), ('땅', 'O'), (' ', 'O'), ('모두', 'O'), (' ', 'O'), ('낙찰', 'O')]"
271,2007.09.28. 오후 5:17,대우건설 사회봉사단 노인무료급식 실시,"[('대우건설', 'ORGANIZATION'), (' ', 'O'), ('사회봉사단', 'O'), (' ', 'O'), ('노인무료급식', 'O'), (' ', 'O'), ('실시', 'O')]"
272,2007.09.28. 오후 4:47,청약 통장 수도권 가입자가 전체의 70% 넘어,"[('청약', 'O'), (' ', 'O'), ('통장', 'O'), (' ', 'O'), ('수도권', 'LOCATION'), (' ', 'O'), ('가입자가', 'O'), (' ', 'O'), ('전체의', 'O'), (' ', 'O'), ('70%', 'QUANTITY'), (' ', 'O'), ('넘어', 'O')]"
273,2007.09.28. 오후 4:27,분양소식숨고르는 부동산 시장 전국 1곳 분양,"[('분양소식숨고르는', 'O'), (' ', 'O'), ('부동산', 'O'), (' ', 'O'), ('시장', 'O'), (' ', 'O'), ('전국', 'O'), (' ', 'O'), ('1곳', 'QUANTITY'), (' ', 'O'), ('분양', 'O')]"
274,2007.09.28. 오후 4:13,부동산 캘린더 10월 첫째주,"[('부동산', 'O'), (' ', 'O'), ('캘린더', 'O'), (' ', 'O'), ('10월 첫째주', 'DATE')]"
275,2007.09.28. 오후 3:34,김우중 前회장 거제도땅 158억여원에 낙찰,"[('김우중', 'PERSON'), (' ', 'O'), ('前', 'O'), ('회장', 'OCCUPATION'), (' ', 'O'), ('거제도', 'LOCATION'), ('땅', 'O'), (' ', 'O'), ('158억여원', 'QUANTITY'), ('에', 'O'), (' ', 'O'), ('낙찰', 'O')]"
276,2007.09.28. 오후 3:29,대한화재 본사 사옥 별도 매각 중단,"[('대한화재', 'ORGANIZATION'), (' ', 'O'), ('본사', 'O'), (' ', 'O'), ('사옥', 'O'), (' ', 'O'), ('별도', 'O'), (' ', 'O'), ('매각', 'O'), (' ', 'O'), ('중단', 'O')]"
277,2007.09.28. 오후 3:24,김우중 前 회장 거제도땅 158억8400만원에 팔려,"[('김우중', 'PERSON'), (' ', 'O'), ('前', 'O'), (' ', 'O'), ('회장', 'OCCUPATION'), (' ', 'O'), ('거제도', 'LOCATION'), ('땅', 'O'), (' ', 'O'), ('158억8400만원', 'QUANTITY'), ('에', 'O'), (' ', 'O'), ('팔려', 'O')]"
278,2007.09.28. 오후 3:20,칠곡왜관 3지구에 국민임대 528세대 공급,"[('칠곡왜관 3지구', 'QUANTITY'), ('에', 'O'), (' ', 'O'), ('국민', 'CIVILIZATION'), ('임대', 'O'), (' ', 'O'), ('528세대', 'QUANTITY'), (' ', 'O'), ('공급', 'O')]"
279,2007.09.28. 오후 3:16,IMF로 집 헐값처분국가가 배상해야소송,"[('IMF', 'ORGANIZATION'), ('로', 'O'), (' ', 'O'), ('집', 'O'), (' ', 'O'), ('헐값처분국가가', 'O'), (' ', 'O'), ('배상해야소송', 'O')]"
280,2007.09.28. 오후 3:15,임대차계약시 이런 점을 조심하세요,"[('임대차계약시', 'O'), (' ', 'O'), ('이런', 'O'), (' ', 'O'), ('점을', 'O'), (' ', 'O'), ('조심하세요', 'O')]"
281,2007.09.28. 오후 3:02,아파트 ‘명품경쟁’ 갈수록 치열,"[('아파트', 'O'), (' ', 'O'), ('‘명품경쟁’', 'O'), (' ', 'O'), ('갈수록', 'O'), (' ', 'O'), ('치열', 'O')]"
282,2007.09.28. 오후 2:58,김우중 전 회장 거제도 땅 158억여원에 낙찰,"[('김우중', 'PERSON'), (' ', 'O'), ('전', 'O'), (' ', 'O'), ('회장', 'OCCUPATION'), (' ', 'O'), ('거제도', 'LOCATION'), (' ', 'O'), ('땅', 'O'), (' ', 'O'), ('158억여원', 'QUANTITY'), ('에', 'O'), (' ', 'O'), ('낙찰', 'O')]"
283,2007.09.28. 오후 2:47,김우중 前대우회장 거제도땅 158억원에 낙찰,"[('김우중', 'PERSON'), (' ', 'O'), ('前', 'O'), ('대우회장', 'CIVILIZATION'), (' ', 'O'), ('거제도', 'LOCATION'), ('땅', 'O'), (' ', 'O'), ('158억원', 'QUANTITY'), ('에', 'O'), (' ', 'O'), ('낙찰', 'O')]"
284,2007.09.28. 오후 2:30,대우건설 사회봉사단 일일 노인무료급식,"[('대우건설', 'ORGANIZATION'), (' ', 'O'), ('사회봉사단', 'O'), (' ', 'O'), ('일일', 'O'), (' ', 'O'), ('노인무료급식', 'O')]"
285,2007.09.28. 오후 2:23,현대건설 4400억 규모 송악도시개발사업 수주,"[('현대건설', 'ORGANIZATION'), (' ', 'O'), ('4400억', 'QUANTITY'), (' ', 'O'), ('규모', 'O'), (' ', 'O'), ('송악도시개발사업', 'TERM'), (' ', 'O'), ('수주', 'O')]"
286,2007.09.28. 오후 2:22,경기도 교통체증은 수도권 택지개발이 주범,"[('경기도', 'LOCATION'), (' ', 'O'), ('교통체증은', 'O'), (' ', 'O'), ('수도권', 'LOCATION'), (' ', 'O'), ('택지개발이', 'O'), (' ', 'O'), ('주범', 'O')]"
287,2007.09.28. 오후 2:13,반값아파트 내달 15일 군포부곡서 첫 분양,"[('반값아파트', 'O'), (' ', 'O'), ('내달 15일', 'DATE'), (' ', 'O'), ('군포부곡', 'LOCATION'), ('서', 'O'), (' ', 'O'), ('첫', 'O'), (' ', 'O'), ('분양', 'O')]"
288,2007.09.28. 오후 1:53,부천터미널 내달 1일 개통,"[('부천터미널', 'LOCATION'), (' ', 'O'), ('내달 1일', 'DATE'), (' ', 'O'), ('개통', 'O')]"
289,2007.09.28. 오후 1:43,경기도 광교신도시에 6000억들여 청사 신축,"[('경기도', 'LOCATION'), (' ', 'O'), ('광교신도시', 'LOCATION'), ('에', 'O'), (' ', 'O'), ('6000억', 'QUANTITY'), ('들여', 'O'), (' ', 'O'), ('청사', 'O'), (' ', 'O'), ('신축', 'O')]"
290,2007.09.28. 오후 1:24,트리지움 단지내상가 분양,"[('트리지움 단', 'ARTIFACT'), ('지내상가', 'O'), (' ', 'O'), ('분양', 'O')]"
291,2007.09.28. 오후 1:24,수도권 6억넘는 고가아파트 2채 중 1채 값 내려,"[('수도권', 'LOCATION'), (' ', 'O'), ('6억', 'QUANTITY'), ('넘는', 'O'), (' ', 'O'), ('고가아파트', 'O'), (' ', 'O'), ('2채', 'QUANTITY'), (' ', 'O'), ('중', 'O'), (' ', 'O'), ('1채', 'QUANTITY'), (' ', 'O'), ('값', 'O'), (' ', 'O'), ('내려', 'O')]"
292,2007.09.28. 오후 12:51,10월 전국 6만4113가구 분양,"[('10월', 'DATE'), (' ', 'O'), ('전국', 'O'), (' ', 'O'), ('6만4113가구', 'QUANTITY'), (' ', 'O'), ('분양', 'O')]"
293,2007.09.28. 오후 12:17,기업도시 개발 더 쉬워진다,"[('기업도시', 'O'), (' ', 'O'), ('개발', 'O'), (' ', 'O'), ('더', 'O'), (' ', 'O'), ('쉬워진다', 'O')]"
294,2007.09.28. 오후 12:17,미분양 해법은 영어마을 건설,"[('미분양', 'O'), (' ', 'O'), ('해법은', 'O'), (' ', 'O'), ('영어마을', 'LOCATION'), (' ', 'O'), ('건설', 'O')]"
295,2007.09.28. 오후 12:17,신창건설 남극 진출 세종기지 증축 수주,"[('신창건설', 'ORGANIZATION'), (' ', 'O'), ('남극', 'LOCATION'), (' ', 'O'), ('진출', 'O'), (' ', 'O'), ('세종기지', 'ORGANIZATION'), (' ', 'O'), ('증축', 'O'), (' ', 'O'), ('수주', 'O')]"
296,2007.09.28. 오후 12:17,인천은 부동산 ‘딱지’ 천국,"[('인천', 'CITY'), ('은', 'O'), (' ', 'O'), ('부동산', 'O'), (' ', 'O'), ('‘딱지’', 'O'), (' ', 'O'), ('천국', 'O')]"
297,2007.09.28. 오후 12:17,‘도시를 디자인 한다’ 건축위원 37명 위촉,"[('‘도시를', 'O'), (' ', 'O'), ('디자인', 'ARTIFACT'), (' ', 'O'), ('한다’', 'O'), (' ', 'O'), ('건축위원', 'CIVILIZATION'), (' ', 'O'), ('37명', 'QUANTITY'), (' ', 'O'), ('위촉', 'O')]"
298,2007.09.28. 오후 12:17,쌍용 해외건설 날개 편다,"[('쌍용', 'ORGANIZATION'), (' ', 'O'), ('해외건설', 'O'), (' ', 'O'), ('날개', 'O'), (' ', 'O'), ('편다', 'O')]"
299,2007.09.28. 오후 12:17,해외부동산  미국달라스포트워스 〉인디애나폴리스 〉…,"[('해외부동산', 'O'), (' ', 'O'), ('미국', 'COUNTRY'), ('달라스포트워스', 'LOCATION'), (' ', 'O'), ('〉', 'O'), ('인디애나폴리스', 'CITY'), (' ', 'O'), ('〉…', 'O')]"
300,2007.09.28. 오후 12:08,50년대 극장업 모태 벽산건설 창립 56주년 맞아,"[('50년대', 'DATE'), (' ', 'O'), ('극장업', 'O'), (' ', 'O'), ('모태', 'O'), (' ', 'O'), ('벽산건설', 'ORGANIZATION'), (' ', 'O'), ('창립', 'O'), (' ', 'O'), ('56주년', 'DATE'), (' ', 'O'), ('맞아', 'O')]"
301,2007.09.28. 오후 12:07,토지임대부·환매조건부 주택 10월 15일 첫 분양,"[('토지임대부·환매조건부', 'O'), (' ', 'O'), ('주택', 'O'), (' ', 'O'), ('10월 15일', 'DATE'), (' ', 'O'), ('첫', 'O'), (' ', 'O'), ('분양', 'O')]"
302,2007.09.28. 오전 11:49,내달 첫선 군포 반값아파트 청약방법은..,"[('내달', 'DATE'), (' ', 'O'), ('첫선', 'O'), (' ', 'O'), ('군포', 'LOCATION'), (' ', 'O'), ('반값아파트', 'ARTIFACT'), (' ', 'O'), ('청약방법은..', 'O')]"
303,2007.09.28. 오전 11:42,토지임대부.환매조건부주택 다음달 15일 첫 분양,"[('토지임대부.환매조건부주택', 'O'), (' ', 'O'), ('다음달 15일', 'DATE'), (' ', 'O'), ('첫', 'O'), (' ', 'O'), ('분양', 'O')]"
304,2007.09.28. 오전 11:35,반값 환매조건부 분양가 727만737만원,"[('반값', 'QUANTITY'), (' ', 'O'), ('환매조건부', 'O'), (' ', 'O'), ('분양가', 'O'), (' ', 'O'), ('727만737만원', 'QUANTITY')]"
305,2007.09.28. 오전 11:33,반값아파트 다음달 15일 분양,"[('반값아파트', 'O'), (' ', 'O'), ('다음달 15일', 'DATE'), (' ', 'O'), ('분양', 'O')]"
306,2007.09.28. 오전 11:32,4분기 국민임대주택 2만1895가구 공급,"[('4분기', 'DATE'), (' ', 'O'), ('국민임대주택', 'O'), (' ', 'O'), ('2만1895가구', 'QUANTITY'), (' ', 'O'), ('공급', 'O')]"
307,2007.09.28. 오전 11:27,주공 토지임대부·환매조건부 주택 첫 선,"[('주공', 'O'), (' ', 'O'), ('토지임대부·환매조건부', 'O'), (' ', 'O'), ('주택', 'O'), (' ', 'O'), ('첫', 'O'), (' ', 'O'), ('선', 'O')]"
308,2007.09.28. 오전 11:17,제2자유로 건설 내달부터 본격화,"[('제2', 'QUANTITY'), ('자유로', 'ARTIFACT'), (' ', 'O'), ('건설', 'O'), (' ', 'O'), ('내달부터', 'DATE'), (' ', 'O'), ('본격화', 'O')]"
309,2007.09.28. 오전 11:17,4분기 국민임대 2만1895가구 공급,"[('4분기', 'DATE'), (' ', 'O'), ('국민', 'CIVILIZATION'), ('임대', 'O'), (' ', 'O'), ('2만1895가구', 'QUANTITY'), (' ', 'O'), ('공급', 'O')]"
310,2007.09.28. 오전 11:08,토공 “남포·해주 등 6곳 산업·물류 거점 개발”,"[('토공', 'ORGANIZATION'), (' ', 'O'), ('“', 'O'), ('남포', 'CITY'), ('·', 'O'), ('해주', 'CITY'), (' ', 'O'), ('등', 'O'), (' ', 'O'), ('6곳', 'QUANTITY'), (' ', 'O'), ('산업·물류', 'O'), (' ', 'O'), ('거점', 'O'), (' ', 'O'), ('개발”', 'O')]"
311,2007.09.28. 오전 11:01,4분기 국민임대주택 21895호 공급,"[('4분기', 'DATE'), (' ', 'O'), ('국민임대주택', 'O'), (' ', 'O'), ('21895호', 'QUANTITY'), (' ', 'O'), ('공급', 'O')]"
312,2007.09.28. 오전 11:00,4분기에 국민임대주택 2만1천895가구 공급,"[('4분기', 'DATE'), ('에', 'O'), (' ', 'O'), ('국민임대주택', 'O'), (' ', 'O'), ('2만1천895가구', 'QUANTITY'), (' ', 'O'), ('공급', 'O')]"
313,2007.09.28. 오전 11:00,올 4분기 국민임대주택 2만1895가구 공급,"[('올 4분기', 'DATE'), (' ', 'O'), ('국민임대주택', 'O'), (' ', 'O'), ('2만1895가구', 'QUANTITY'), (' ', 'O'), ('공급', 'O')]"
314,2007.09.28. 오전 11:00,44분기 국민임대 2만1895가구 공급,"[('44분기', 'DATE'), (' ', 'O'), ('국민', 'CIVILIZATION'), ('임대', 'O'), (' ', 'O'), ('2만1895가구', 'QUANTITY'), (' ', 'O'), ('공급', 'O')]"
315,2007.09.28. 오전 10:53,6억이상 아파트 절반 가격하락,"[('6억이상', 'QUANTITY'), (' ', 'O'), ('아파트', 'O'), (' ', 'O'), ('절반', 'QUANTITY'), (' ', 'O'), ('가격하락', 'O')]"
316,2007.09.28. 오전 10:37,주공 파주운정 분양가 890만원 책정,"[('주공', 'ARTIFACT'), (' ', 'O'), ('파주운정', 'ARTIFACT'), (' ', 'O'), ('분양가', 'O'), (' ', 'O'), ('890만원', 'QUANTITY'), (' ', 'O'), ('책정', 'O')]"
317,2007.09.28. 오전 10:34,현대건설 당진서 4400억원 규모 도시개발사업 수주,"[('현대건설', 'ORGANIZATION'), (' ', 'O'), ('당진', 'LOCATION'), ('서', 'O'), (' ', 'O'), ('4400억원', 'QUANTITY'), (' ', 'O'), ('규모', 'O'), (' ', 'O'), ('도시개발사업', 'O'), (' ', 'O'), ('수주', 'O')]"
318,2007.09.28. 오전 10:26,현대건설 4400억 규모 송악도시개발 수주,"[('현대건설', 'ORGANIZATION'), (' ', 'O'), ('4400억', 'QUANTITY'), (' ', 'O'), ('규모', 'O'), (' ', 'O'), ('송악도시개발', 'TERM'), (' ', 'O'), ('수주', 'O')]"
319,2007.09.28. 오전 10:25,건설업계 광고 열전..연말 분양시장 타깃,"[('건설업계', 'O'), (' ', 'O'), ('광고', 'O'), (' ', 'O'), ('열전..', 'O'), ('연말', 'DATE'), (' ', 'O'), ('분양시장', 'O'), (' ', 'O'), ('타깃', 'O')]"
320,2007.09.28. 오전 10:22,현대건설 4400억원 당진송악도시개발 수주,"[('현대건설', 'ORGANIZATION'), (' ', 'O'), ('4400억원', 'QUANTITY'), (' ', 'O'), ('당진송악도시개발', 'TERM'), (' ', 'O'), ('수주', 'O')]"
321,2007.09.28. 오전 10:20,현대건설 싱가포르 항만 낙찰통지서 접수,"[('현대건설', 'ORGANIZATION'), (' ', 'O'), ('싱가포르', 'CITY'), (' ', 'O'), ('항만', 'O'), (' ', 'O'), ('낙찰통지서', 'O'), (' ', 'O'), ('접수', 'O')]"
322,2007.09.28. 오전 10:13,대전 서남부 9블록 주민강제철거 놓고 충돌예상,"[('대전', 'CITY'), (' ', 'O'), ('서남부', 'TERM'), (' ', 'O'), ('9블록', 'QUANTITY'), (' ', 'O'), ('주민', 'CIVILIZATION'), ('강제철거', 'O'), (' ', 'O'), ('놓고', 'O'), (' ', 'O'), ('충돌예상', 'O')]"
323,2007.09.28. 오전 10:10,현대건설 당진서 4400억대 사업 수주,"[('현대건설', 'ORGANIZATION'), (' ', 'O'), ('당진', 'LOCATION'), ('서', 'O'), (' ', 'O'), ('4400억대', 'QUANTITY'), (' ', 'O'), ('사업', 'O'), (' ', 'O'), ('수주', 'O')]"
324,2007.09.28. 오전 10:09,은평뉴타운 1지구2·3지구하늘과 땅차이,"[('은평뉴타운', 'LOCATION'), (' ', 'O'), ('1지구', 'QUANTITY'), ('2·3지구', 'QUANTITY'), ('하늘과', 'O'), (' ', 'O'), ('땅차이', 'O')]"
325,2007.09.28. 오전 9:57,아파트는 지금 디자인 전쟁중,"[('아파트는', 'O'), (' ', 'O'), ('지금', 'O'), (' ', 'O'), ('디자인', 'O'), (' ', 'O'), ('전쟁중', 'O')]"
326,2007.09.28. 오전 9:30,수도권 6억이상 고가 아파트 절반은 값 떨어져,"[('수도권', 'LOCATION'), (' ', 'O'), ('6억이상', 'QUANTITY'), (' ', 'O'), ('고가', 'O'), (' ', 'O'), ('아파트', 'O'), (' ', 'O'), ('절반', 'QUANTITY'), ('은', 'O'), (' ', 'O'), ('값', 'O'), (' ', 'O'), ('떨어져', 'O')]"
327,2007.09.28. 오전 9:26,영어마을이 미분양 승부수,"[('영어마을', 'LOCATION'), ('이', 'O'), (' ', 'O'), ('미분양', 'O'), (' ', 'O'), ('승부수', 'O')]"
328,2007.09.28. 오전 9:25,코오롱건설 부천터미널 내달 1일 개통,"[('코오롱건설', 'ORGANIZATION'), (' ', 'O'), ('부천터미널', 'LOCATION'), (' ', 'O'), ('내달 1일', 'DATE'), (' ', 'O'), ('개통', 'O')]"
329,2007.09.28. 오전 8:50,다음달 전국에서 6만4000가구 분양,"[('다음달', 'DATE'), (' ', 'O'), ('전국에서', 'O'), (' ', 'O'), ('6만4000가구', 'QUANTITY'), (' ', 'O'), ('분양', 'O')]"
330,2007.09.28. 오전 8:50,인천은 딱지의 천국…‘별의 별 딱지가 다 있네’,"[('인천', 'CITY'), ('은', 'O'), (' ', 'O'), ('딱지의', 'O'), (' ', 'O'), ('천국…‘별의', 'O'), (' ', 'O'), ('별', 'O'), (' ', 'O'), ('딱지가', 'O'), (' ', 'O'), ('다', 'O'), (' ', 'O'), ('있네’', 'O')]"
331,2007.09.28. 오전 8:47,해외부동산빠른 회복세 점쳐지는 미국 주요도시 톱 10,"[('해외부동산빠른', 'O'), (' ', 'O'), ('회복세', 'O'), (' ', 'O'), ('점쳐지는', 'O'), (' ', 'O'), ('미국', 'COUNTRY'), (' ', 'O'), ('주요도시', 'O'), (' ', 'O'), ('톱 10', 'QUANTITY')]"
332,2007.09.28. 오전 8:43,파주 운정 주공 다음달 8일 청약,"[('파주', 'CITY'), (' ', 'O'), ('운정 주공', 'ARTIFACT'), (' ', 'O'), ('다음달 8일', 'DATE'), (' ', 'O'), ('청약', 'O')]"
333,2007.09.28. 오전 8:41,부동산따라잡기 삼성동 롯데캐슬 최고가,"[('부동산따라잡기', 'O'), (' ', 'O'), ('삼성동', 'LOCATION'), (' ', 'O'), ('롯데캐슬', 'ARTIFACT'), (' ', 'O'), ('최고가', 'O')]"
334,2007.09.28. 오전 8:38,10월 아파트 분양 은평뉴타운은 完福之地u3000u3000u3000u3000u3000,"[('10월', 'DATE'), (' ', 'O'), ('아파트', 'O'), (' ', 'O'), ('분양', 'O'), (' ', 'O'), ('은평뉴타운', 'LOCATION'), ('은', 'O'), (' ', 'O'), ('完', 'TERM'), ('福之地u3000u3000u3000u3000u3000', 'QUANTITY')]"
335,2007.09.28. 오전 8:38,10월 아파트 분양 대표브랜드 3파전u3000,"[('10월', 'DATE'), (' ', 'O'), ('아파트', 'O'), (' ', 'O'), ('분양', 'O'), (' ', 'O'), ('대표브랜드', 'O'), (' ', 'O'), ('3파전u3000', 'ARTIFACT')]"
336,2007.09.28. 오전 8:38,10월 아파트 분양 브랜드 대단지 지방도 쏟아져,"[('10월', 'DATE'), (' ', 'O'), ('아파트', 'O'), (' ', 'O'), ('분양', 'O'), (' ', 'O'), ('브랜드', 'O'), (' ', 'O'), ('대단지', 'O'), (' ', 'O'), ('지방도', 'O'), (' ', 'O'), ('쏟아져', 'O')]"
337,2007.09.28. 오전 8:38,10월 아파트 분양 가점제 적용안되는 파주 운정 주목,"[('10월', 'DATE'), (' ', 'O'), ('아파트', 'O'), (' ', 'O'), ('분양', 'O'), (' ', 'O'), ('가점제', 'CIVILIZATION'), (' ', 'O'), ('적용안되는', 'O'), (' ', 'O'), ('파주', 'CITY'), (' ', 'O'), ('운정', 'LOCATION'), (' ', 'O'), ('주목', 'O')]"
338,2007.09.28. 오전 8:38,10월 아파트 분양 은평→금평 환상은 버려라,"[('10월', 'DATE'), (' ', 'O'), ('아파트', 'O'), (' ', 'O'), ('분양', 'O'), (' ', 'O'), ('은평', 'LOCATION'), ('→', 'O'), ('금평', 'LOCATION'), (' ', 'O'), ('환상은', 'O'), (' ', 'O'), ('버려라', 'O')]"
339,2007.09.28. 오전 8:38,10월 아파트 분양 용인 흥덕 로또 서울ㆍ수도권 주민도 청약 가능,"[('10월', 'DATE'), (' ', 'O'), ('아파트', 'O'), (' ', 'O'), ('분양', 'O'), (' ', 'O'), ('용인', 'CITY'), (' ', 'O'), ('흥덕', 'LOCATION'), (' ', 'O'), ('로또', 'O'), (' ', 'O'), ('서울', 'CITY'), ('ㆍ', 'O'), ('수도권', 'LOCATION'), (' ', 'O'), ('주민', 'CIVILIZATION'), ('도', 'O'), (' ', 'O'), ('청약', 'O'), (' ', 'O'), ('가능', 'O')]"
340,2007.09.28. 오전 8:38,10월 아파트 분양 청약가점 높은데… 은평뉴타운 청약해볼까,"[('10월', 'DATE'), (' ', 'O'), ('아파트', 'O'), (' ', 'O'), ('분양', 'O'), (' ', 'O'), ('청약가점', 'O'), (' ', 'O'), ('높은데…', 'O'), (' ', 'O'), ('은평뉴타운', 'LOCATION'), (' ', 'O'), ('청약해볼까', 'O')]"
341,2007.09.28. 오전 8:36,수도권 6억 이상 아파트 2채 중 1채 하락,"[('수도권', 'LOCATION'), (' ', 'O'), ('6억 이상', 'QUANTITY'), (' ', 'O'), ('아파트', 'O'), (' ', 'O'), ('2채', 'QUANTITY'), (' ', 'O'), ('중', 'O'), (' ', 'O'), ('1채', 'QUANTITY'), (' ', 'O'), ('하락', 'O')]"
342,2007.09.28. 오전 8:31,대우건설 폴란드서 플랜트 수주 추진,"[('대우건설', 'ORGANIZATION'), (' ', 'O'), ('폴란드', 'COUNTRY'), ('서', 'O'), (' ', 'O'), ('플랜트', 'O'), (' ', 'O'), ('수주', 'O'), (' ', 'O'), ('추진', 'O')]"
343,2007.09.28. 오전 8:19,부동산따라잡기 강남 전세가격 추락행진,"[('부동산따라잡기', 'O'), (' ', 'O'), ('강남', 'LOCATION'), (' ', 'O'), ('전세가격', 'O'), (' ', 'O'), ('추락행진', 'O')]"
344,2007.09.28. 오전 8:19,부동산따라잡기 강남 급매물도 안팔려,"[('부동산따라잡기', 'O'), (' ', 'O'), ('강남', 'LOCATION'), (' ', 'O'), ('급매물도', 'O'), (' ', 'O'), ('안팔려', 'O')]"
345,2007.09.28. 오전 8:18,주택보증 아파트·토지 공매,"[('주택보증', 'O'), (' ', 'O'), ('아파트·토지', 'O'), (' ', 'O'), ('공매', 'O')]"
346,2007.09.28. 오전 7:48,다음달 6만4천가구 공동주택 분양,"[('다음달', 'DATE'), (' ', 'O'), ('6만4천가구', 'QUANTITY'), (' ', 'O'), ('공동주택', 'O'), (' ', 'O'), ('분양', 'O')]"
347,2007.09.28. 오전 7:47,하반기 아파트 공급물량 넘쳐나는데 분양은 글쎄,"[('하반기', 'DATE'), (' ', 'O'), ('아파트', 'O'), (' ', 'O'), ('공급물량', 'O'), (' ', 'O'), ('넘쳐나는데', 'O'), (' ', 'O'), ('분양은', 'O'), (' ', 'O'), ('글쎄', 'O')]"
348,2007.09.28. 오전 7:32,中 주택담보대출 금리 인상..부동산 과열 고삐,"[('中', 'LOCATION'), (' ', 'O'), ('주택담보대출', 'O'), (' ', 'O'), ('금리', 'O'), (' ', 'O'), ('인상..부동산', 'O'), (' ', 'O'), ('과열', 'O'), (' ', 'O'), ('고삐', 'O')]"
349,2007.09.28. 오전 7:15,10월 전국 6만4000가구 분양,"[('10월', 'DATE'), (' ', 'O'), ('전국', 'O'), (' ', 'O'), ('6만4000가구', 'QUANTITY'), (' ', 'O'), ('분양', 'O')]"
350,2007.09.28. 오전 7:11,전매제한 없고 분양가격 저렴 가점제 미적용…내게 맞는 집 골라볼까,"[('전매제한', 'O'), (' ', 'O'), ('없고', 'O'), (' ', 'O'), ('분양가격', 'O'), (' ', 'O'), ('저렴', 'O'), (' ', 'O'), ('가점제', 'O'), (' ', 'O'), ('미적용…내게', 'O'), (' ', 'O'), ('맞는', 'O'), (' ', 'O'), ('집', 'O'), (' ', 'O'), ('골라볼까', 'O')]"
351,2007.09.28. 오전 7:11,잠실 아파트값 강남 앞질렀다,"[('잠실', 'LOCATION'), (' ', 'O'), ('아파트값', 'O'), (' ', 'O'), ('강남', 'LOCATION'), (' ', 'O'), ('앞질렀다', 'O')]"
352,2007.09.28. 오전 7:11,종부세 인상 상한선 150%로 완화 추진,"[('종부세', 'CIVILIZATION'), (' ', 'O'), ('인상', 'O'), (' ', 'O'), ('상한선', 'O'), (' ', 'O'), ('150%', 'QUANTITY'), ('로', 'O'), (' ', 'O'), ('완화', 'O'), (' ', 'O'), ('추진', 'O')]"
353,2007.09.28. 오전 7:02,경부축 새 택지개발 제한하겠다,"[('경부', 'LOCATION'), ('축', 'O'), (' ', 'O'), ('새', 'O'), (' ', 'O'), ('택지개발', 'O'), (' ', 'O'), ('제한하겠다', 'O')]"
354,2007.09.28. 오전 6:07,국토지리원 어린이 지도 그리기 대회 개최,"[('국토지리원', 'ORGANIZATION'), (' ', 'O'), ('어린이 지도 그리기 대회', 'EVENT'), (' ', 'O'), ('개최', 'O')]"
355,2007.09.28. 오전 6:01,다음달 전국에서 6만4천가구 분양 예정,"[('다음달', 'DATE'), (' ', 'O'), ('전국에서', 'O'), (' ', 'O'), ('6만4천가구', 'QUANTITY'), (' ', 'O'), ('분양', 'O'), (' ', 'O'), ('예정', 'O')]"
356,2007.09.28. 오전 6:00,서울시 디자인 전문가 등 건축위원 37명 신규위촉,"[('서울시', 'CITY'), (' ', 'O'), ('디자인', 'STUDY_FIELD'), (' ', 'O'), ('전문가', 'OCCUPATION'), (' ', 'O'), ('등', 'O'), (' ', 'O'), ('건축위원', 'CIVILIZATION'), (' ', 'O'), ('37명', 'QUANTITY'), (' ', 'O'), ('신규위촉', 'O')]"
357,2007.09.28. 오전 6:00,서울시 건축위원 37명 신규 위촉,"[('서울시', 'CITY'), (' ', 'O'), ('건축위원', 'CIVILIZATION'), (' ', 'O'), ('37명', 'QUANTITY'), (' ', 'O'), ('신규', 'O'), (' ', 'O'), ('위촉', 'O')]"
358,2007.09.28. 오전 6:00,19월 공동주택 분양 순풍...작년比 11.4%↑,"[('19월', 'DATE'), (' ', 'O'), ('공동주택', 'O'), (' ', 'O'), ('분양', 'O'), (' ', 'O'), ('순풍...', 'O'), ('작년', 'DATE'), ('比', 'O'), (' ', 'O'), ('11.4%', 'QUANTITY'), ('↑', 'O')]"
359,2007.09.28. 오전 3:23,‘학군 프리미엄’ 사라지나…고교선택제 2010년 도입,"[('‘학군', 'O'), (' ', 'O'), ('프리미엄’', 'O'), (' ', 'O'), ('사라지나…', 'O'), ('고교선택제', 'CIVILIZATION'), (' ', 'O'), ('2010년', 'DATE'), (' ', 'O'), ('도입', 'O')]"
360,2007.09.28. 오전 3:21,부동산 임대업 과표 상향…세부담 증가,"[('부동산', 'O'), (' ', 'O'), ('임대업', 'O'), (' ', 'O'), ('과표', 'O'), (' ', 'O'), ('상향…세부담', 'O'), (' ', 'O'), ('증가', 'O')]"
361,2007.09.28. 오전 3:18,파주신도시 아파트 연내 9000채 분양,"[('파주신도시', 'LOCATION'), (' ', 'O'), ('아파트', 'O'), (' ', 'O'), ('연내', 'O'), (' ', 'O'), ('9000채', 'QUANTITY'), (' ', 'O'), ('분양', 'O')]"
362,2007.09.29. 오후 2:31,추석귀경길 왜 이렇게 막혔나 했더니..,"[('추석', 'DATE'), ('귀경길', 'O'), (' ', 'O'), ('왜', 'O'), (' ', 'O'), ('이렇게', 'O'), (' ', 'O'), ('막혔나', 'O'), (' ', 'O'), ('했더니..', 'O')]"
363,2007.09.29. 오후 1:38,올 3분기 집값 상승률 1위 ‘인천광역시’,"[('올 3분기', 'DATE'), (' ', 'O'), ('집값', 'O'), (' ', 'O'), ('상승률', 'O'), (' ', 'O'), ('1위', 'QUANTITY'), (' ', 'O'), ('‘', 'O'), ('인천광역시', 'CITY'), ('’', 'O')]"
364,2007.09.29. 오전 9:01,반값 아파트 시장 성공 여부는 미지수,"[('반값', 'QUANTITY'), (' ', 'O'), ('아파트', 'O'), (' ', 'O'), ('시장', 'O'), (' ', 'O'), ('성공', 'O'), (' ', 'O'), ('여부는', 'O'), (' ', 'O'), ('미지수', 'O')]"
365,2007.09.29. 오전 3:23,‘반값 아파트’ 첫선,"[('‘반값', 'O'), (' ', 'O'), ('아파트’', 'O'), (' ', 'O'), ('첫선', 'O')]"
366,2007.09.28. 오후 8:34,파주신도시 휴먼시아 평당분양가 800만원대,"[('파주신도시', 'LOCATION'), (' ', 'O'), ('휴먼시아', 'ARTIFACT'), (' ', 'O'), ('평당분양가', 'O'), (' ', 'O'), ('800만원대', 'QUANTITY')]"
367,2007.09.28. 오후 7:55,올해 6억 이상 고가아파트 53% 집값 하락,"[('올해', 'DATE'), (' ', 'O'), ('6억 이상', 'QUANTITY'), (' ', 'O'), ('고가아파트', 'O'), (' ', 'O'), ('53%', 'QUANTITY'), (' ', 'O'), ('집값', 'O'), (' ', 'O'), ('하락', 'O')]"
368,2007.09.28. 오후 7:35,올들어 6억이상 고가 아파트 절반이 값 하락,"[('올들', 'DATE'), ('어', 'O'), (' ', 'O'), ('6억이상', 'QUANTITY'), (' ', 'O'), ('고가', 'O'), (' ', 'O'), ('아파트', 'O'), (' ', 'O'), ('절반', 'QUANTITY'), ('이', 'O'), (' ', 'O'), ('값', 'O'), (' ', 'O'), ('하락', 'O')]"
369,2007.09.28. 오후 7:11,양주 고읍지구 우남퍼스트빌 분양,"[('양주', 'CITY'), (' ', 'O'), ('고읍지구', 'LOCATION'), (' ', 'O'), ('우남퍼스트빌', 'ARTIFACT'), (' ', 'O'), ('분양', 'O')]"
370,2007.09.28. 오후 6:40,대한한공 다음달 김포대구노선 운항 중단,"[('대한한공', 'ORGANIZATION'), (' ', 'O'), ('다음달', 'DATE'), (' ', 'O'), ('김포대구', 'LOCATION'), ('노선', 'O'), (' ', 'O'), ('운항', 'O'), (' ', 'O'), ('중단', 'O')]"
371,2007.09.28. 오후 6:24,‘반값 아파트’ 내달 15일 첫 분양,"[('‘반값', 'O'), (' ', 'O'), ('아파트’', 'O'), (' ', 'O'), ('내달 15일', 'DATE'), (' ', 'O'), ('첫', 'O'), (' ', 'O'), ('분양', 'O')]"
372,2007.09.28. 오후 6:08,감정가만 4418억…부동산 경매 사상 최고가 ‘등장’,"[('감정가만', 'O'), (' ', 'O'), ('4418억', 'QUANTITY'), ('…부동산', 'O'), (' ', 'O'), ('경매', 'O'), (' ', 'O'), ('사상', 'O'), (' ', 'O'), ('최고가', 'O'), (' ', 'O'), ('‘등장’', 'O')]"
373,2007.09.28. 오후 6:08,분양 부평 현대 더 로프트,"[('분양', 'O'), (' ', 'O'), ('부평', 'LOCATION'), (' ', 'O'), ('현대 더 로프트', 'ARTIFACT')]"
374,2007.09.28. 오후 6:08,분양 남양주 신창현 풍림아이원,"[('분양', 'O'), (' ', 'O'), ('남양주', 'CITY'), (' ', 'O'), ('신창현', 'PERSON'), (' ', 'O'), ('풍림아이원', 'ORGANIZATION')]"
375,2007.09.28. 오후 6:08,분양 인천 렉스힐 퍼블리시티,"[('분양', 'O'), (' ', 'O'), ('인천', 'CITY'), (' ', 'O'), ('렉스힐 퍼블리시티', 'ARTIFACT')]"
376,2007.09.28. 오후 6:08,분양 대치동 에스엠대치타워,"[('분양', 'O'), (' ', 'O'), ('대치동', 'LOCATION'), (' ', 'O'), ('에스엠대치타워', 'ARTIFACT')]"
377,2007.09.28. 오후 6:08,반값 아파트 첫 분양…군포 부곡 804가구,"[('반값', 'QUANTITY'), (' ', 'O'), ('아파트', 'O'), (' ', 'O'), ('첫', 'O'), (' ', 'O'), ('분양…', 'O'), ('군포', 'LOCATION'), (' ', 'O'), ('부곡', 'LOCATION'), (' ', 'O'), ('804가구', 'QUANTITY')]"
378,2007.09.28. 오후 6:08,4분기 국민임대 2만1895가구 공급,"[('4분기', 'DATE'), (' ', 'O'), ('국민', 'CIVILIZATION'), ('임대', 'O'), (' ', 'O'), ('2만1895가구', 'QUANTITY'), (' ', 'O'), ('공급', 'O')]"
